year,scenario,fao,min_change,mean_change,median_change,max_change,sd_change,tooltip
1950,historical,Atlantic,-14.37,-6.15,-7.3,4.57,6.63,"Year: 1950
Mean change: -6.2%
SD: ±6.6%"
1950,historical,Indian,-9.13,-4.92,-5.97,1.44,3.43,"Year: 1950
Mean change: -4.9%
SD: ±3.4%"
1950,historical,Pacific,-10.12,-1.79,-2.88,7,6.25,"Year: 1950
Mean change: -1.8%
SD: ±6.2%"
1951,historical,Atlantic,-14.1,-6.68,-8.81,0.81,5.3,"Year: 1951
Mean change: -6.7%
SD: ±5.3%"
1951,historical,Indian,-11.65,-6.8,-7.63,0.7,4.01,"Year: 1951
Mean change: -6.8%
SD: ±4%"
1951,historical,Pacific,-10.38,-3.07,-5.1,6.19,5.64,"Year: 1951
Mean change: -3.1%
SD: ±5.6%"
1952,historical,Atlantic,-12.14,-3.43,-3.11,0.49,3.78,"Year: 1952
Mean change: -3.4%
SD: ±3.8%"
1952,historical,Indian,-9.57,-4.32,-4.97,0.68,3.09,"Year: 1952
Mean change: -4.3%
SD: ±3.1%"
1952,historical,Pacific,-8.7,-3.07,-4.42,5.33,4.72,"Year: 1952
Mean change: -3.1%
SD: ±4.7%"
1953,historical,Atlantic,-15.68,-6.12,-4.83,2.6,6.57,"Year: 1953
Mean change: -6.1%
SD: ±6.6%"
1953,historical,Indian,-9.21,-4.2,-4.52,0.4,3.03,"Year: 1953
Mean change: -4.2%
SD: ±3%"
1953,historical,Pacific,-12.65,-3.51,-4.39,4.4,5.02,"Year: 1953
Mean change: -3.5%
SD: ±5%"
1954,historical,Atlantic,-12.78,-2.75,-3.18,7.25,5.14,"Year: 1954
Mean change: -2.8%
SD: ±5.1%"
1954,historical,Indian,-8.84,-3.25,-2.45,0.77,2.88,"Year: 1954
Mean change: -3.2%
SD: ±2.9%"
1954,historical,Pacific,-8.51,-2.6,-3.95,3.6,3.78,"Year: 1954
Mean change: -2.6%
SD: ±3.8%"
1955,historical,Atlantic,-15.2,-3.94,-2.19,4.06,6.17,"Year: 1955
Mean change: -3.9%
SD: ±6.2%"
1955,historical,Indian,-6.83,-3.85,-3.65,0.38,2.49,"Year: 1955
Mean change: -3.9%
SD: ±2.5%"
1955,historical,Pacific,-6.88,-1.44,-1.75,3.49,3.66,"Year: 1955
Mean change: -1.4%
SD: ±3.7%"
1956,historical,Atlantic,-12.82,-3.46,-1.95,1.99,4.28,"Year: 1956
Mean change: -3.5%
SD: ±4.3%"
1956,historical,Indian,-6.21,-2.99,-2.84,0.11,2.14,"Year: 1956
Mean change: -3%
SD: ±2.1%"
1956,historical,Pacific,-6.21,-1.72,-3.02,6.81,4.59,"Year: 1956
Mean change: -1.7%
SD: ±4.6%"
1957,historical,Atlantic,-14.93,-4.46,-2.88,0.34,5.27,"Year: 1957
Mean change: -4.5%
SD: ±5.3%"
1957,historical,Indian,-6.57,-3.28,-3.04,0.3,2.38,"Year: 1957
Mean change: -3.3%
SD: ±2.4%"
1957,historical,Pacific,-8.89,-2.71,-3.07,5.73,5,"Year: 1957
Mean change: -2.7%
SD: ±5%"
1958,historical,Atlantic,-13.02,-2.77,-2.33,2.77,4.76,"Year: 1958
Mean change: -2.8%
SD: ±4.8%"
1958,historical,Indian,-9.4,-4.26,-3.96,-0.06,3.02,"Year: 1958
Mean change: -4.3%
SD: ±3%"
1958,historical,Pacific,-8.74,-2.77,-3.07,1.79,3.38,"Year: 1958
Mean change: -2.8%
SD: ±3.4%"
1959,historical,Atlantic,-12.58,-4.18,-3.56,4.02,4.63,"Year: 1959
Mean change: -4.2%
SD: ±4.6%"
1959,historical,Indian,-7.92,-5.01,-5.42,-0.4,2.68,"Year: 1959
Mean change: -5%
SD: ±2.7%"
1959,historical,Pacific,-5.05,-1.97,-2.4,2.5,2.11,"Year: 1959
Mean change: -2%
SD: ±2.1%"
1960,historical,Atlantic,-12.02,-2.63,-2.27,4.35,4.6,"Year: 1960
Mean change: -2.6%
SD: ±4.6%"
1960,historical,Indian,-7.77,-2.67,-1.56,-0.52,2.35,"Year: 1960
Mean change: -2.7%
SD: ±2.4%"
1960,historical,Pacific,-8.71,-1.06,-0.85,2.5,3.37,"Year: 1960
Mean change: -1.1%
SD: ±3.4%"
1961,historical,Atlantic,-11.96,-5.33,-5.04,5.31,5.35,"Year: 1961
Mean change: -5.3%
SD: ±5.3%"
1961,historical,Indian,-8.45,-3.26,-3.01,-0.18,2.64,"Year: 1961
Mean change: -3.3%
SD: ±2.6%"
1961,historical,Pacific,-8.17,-2.28,-2.35,2.26,2.92,"Year: 1961
Mean change: -2.3%
SD: ±2.9%"
1962,historical,Atlantic,-12.19,-4.49,-4.85,5.03,4.42,"Year: 1962
Mean change: -4.5%
SD: ±4.4%"
1962,historical,Indian,-8.91,-4.06,-4.32,-0.49,3.08,"Year: 1962
Mean change: -4.1%
SD: ±3.1%"
1962,historical,Pacific,-5.22,-1.87,-2.37,1.58,2.23,"Year: 1962
Mean change: -1.9%
SD: ±2.2%"
1963,historical,Atlantic,-11.91,-0.62,-1.15,6.81,5.31,"Year: 1963
Mean change: -0.6%
SD: ±5.3%"
1963,historical,Indian,-9.27,-3.9,-3.38,-0.6,2.62,"Year: 1963
Mean change: -3.9%
SD: ±2.6%"
1963,historical,Pacific,-4.78,-1.09,-1.97,4.3,2.86,"Year: 1963
Mean change: -1.1%
SD: ±2.9%"
1964,historical,Atlantic,-11.57,-4.83,-4.47,2.74,4.16,"Year: 1964
Mean change: -4.8%
SD: ±4.2%"
1964,historical,Indian,-9.67,-5.52,-5.86,-1.21,2.76,"Year: 1964
Mean change: -5.5%
SD: ±2.8%"
1964,historical,Pacific,-8.15,-3.15,-2.85,0.66,2.58,"Year: 1964
Mean change: -3.1%
SD: ±2.6%"
1965,historical,Atlantic,-11.22,-1.33,-0.99,2.61,3.91,"Year: 1965
Mean change: -1.3%
SD: ±3.9%"
1965,historical,Indian,-10.21,-2.95,-2.44,1.12,3.13,"Year: 1965
Mean change: -3%
SD: ±3.1%"
1965,historical,Pacific,-5.88,-2.08,-2.77,1.49,2.38,"Year: 1965
Mean change: -2.1%
SD: ±2.4%"
1966,historical,Atlantic,-10.68,-5.01,-4.95,3.94,4.64,"Year: 1966
Mean change: -5%
SD: ±4.6%"
1966,historical,Indian,-10.64,-4.25,-4.78,0.96,3.86,"Year: 1966
Mean change: -4.2%
SD: ±3.9%"
1966,historical,Pacific,-6.3,1.29,1.62,9.82,4.74,"Year: 1966
Mean change: 1.3%
SD: ±4.7%"
1967,historical,Atlantic,-12.27,-3.66,-3.92,7.26,6.12,"Year: 1967
Mean change: -3.7%
SD: ±6.1%"
1967,historical,Indian,-10.85,-3.79,-3.12,0.46,3.59,"Year: 1967
Mean change: -3.8%
SD: ±3.6%"
1967,historical,Pacific,-7.02,-0.2,-0.3,6.11,4.81,"Year: 1967
Mean change: -0.2%
SD: ±4.8%"
1968,historical,Atlantic,-10.97,-2.54,-0.41,6.12,5.27,"Year: 1968
Mean change: -2.5%
SD: ±5.3%"
1968,historical,Indian,-10.85,-3.87,-3.24,0.66,3.59,"Year: 1968
Mean change: -3.9%
SD: ±3.6%"
1968,historical,Pacific,-7.95,-2.19,-1.68,3.82,3.65,"Year: 1968
Mean change: -2.2%
SD: ±3.6%"
1969,historical,Atlantic,-11.52,-3.82,-3.69,4.5,5.16,"Year: 1969
Mean change: -3.8%
SD: ±5.2%"
1969,historical,Indian,-10.64,-2.7,-1.56,1.77,3.86,"Year: 1969
Mean change: -2.7%
SD: ±3.9%"
1969,historical,Pacific,-4.98,-0.74,-1.94,8.67,4.54,"Year: 1969
Mean change: -0.7%
SD: ±4.5%"
1970,historical,Atlantic,-11.09,-2.67,-2.15,2.95,4.5,"Year: 1970
Mean change: -2.7%
SD: ±4.5%"
1970,historical,Indian,-10.36,-3.86,-3.99,1.13,3.38,"Year: 1970
Mean change: -3.9%
SD: ±3.4%"
1970,historical,Pacific,-4.93,-1.31,-2.56,4.59,3.13,"Year: 1970
Mean change: -1.3%
SD: ±3.1%"
1971,historical,Atlantic,-12.58,-3.25,-1.27,2.01,5.53,"Year: 1971
Mean change: -3.2%
SD: ±5.5%"
1971,historical,Indian,-10.04,-2.39,-1.79,1.83,4.19,"Year: 1971
Mean change: -2.4%
SD: ±4.2%"
1971,historical,Pacific,-5.3,-0.82,-0.14,5.58,3.6,"Year: 1971
Mean change: -0.8%
SD: ±3.6%"
1972,historical,Atlantic,-12.03,-1.74,-0.28,2.57,4.35,"Year: 1972
Mean change: -1.7%
SD: ±4.3%"
1972,historical,Indian,-9.8,-2.47,-0.75,3.01,4.25,"Year: 1972
Mean change: -2.5%
SD: ±4.2%"
1972,historical,Pacific,-5.67,0.11,-0.07,8.37,4.88,"Year: 1972
Mean change: 0.1%
SD: ±4.9%"
1973,historical,Atlantic,-16.89,-4.96,-2.96,0.91,5.6,"Year: 1973
Mean change: -5%
SD: ±5.6%"
1973,historical,Indian,-9.51,-3.6,-3.53,0.3,3.1,"Year: 1973
Mean change: -3.6%
SD: ±3.1%"
1973,historical,Pacific,-6.71,-2.08,-2.47,3.1,3.48,"Year: 1973
Mean change: -2.1%
SD: ±3.5%"
1974,historical,Atlantic,-11.66,-5.47,-3.92,0.03,4.37,"Year: 1974
Mean change: -5.5%
SD: ±4.4%"
1974,historical,Indian,-9.09,-4.72,-4.21,0.01,3.38,"Year: 1974
Mean change: -4.7%
SD: ±3.4%"
1974,historical,Pacific,-8.75,-4.23,-4.74,2.3,3.81,"Year: 1974
Mean change: -4.2%
SD: ±3.8%"
1975,historical,Atlantic,-13.9,-5.21,-4.06,-0.34,4.42,"Year: 1975
Mean change: -5.2%
SD: ±4.4%"
1975,historical,Indian,-8.19,-4,-3.43,-0.34,2.96,"Year: 1975
Mean change: -4%
SD: ±3%"
1975,historical,Pacific,-9.2,-3.9,-4.16,1.83,3.32,"Year: 1975
Mean change: -3.9%
SD: ±3.3%"
1976,historical,Atlantic,-12.31,-3.26,-2.63,3.05,4.38,"Year: 1976
Mean change: -3.3%
SD: ±4.4%"
1976,historical,Indian,-7.34,-3.76,-4.22,-0.58,2.44,"Year: 1976
Mean change: -3.8%
SD: ±2.4%"
1976,historical,Pacific,-7.68,-1.55,-1.26,3.44,3.64,"Year: 1976
Mean change: -1.6%
SD: ±3.6%"
1977,historical,Atlantic,-14.02,-4.5,-3,2.11,5.15,"Year: 1977
Mean change: -4.5%
SD: ±5.2%"
1977,historical,Indian,-6.61,-3.26,-4.16,0.58,2.31,"Year: 1977
Mean change: -3.3%
SD: ±2.3%"
1977,historical,Pacific,-6.94,-2.91,-2.61,1.78,3.25,"Year: 1977
Mean change: -2.9%
SD: ±3.2%"
1978,historical,Atlantic,-12.3,-5.17,-5.38,4.78,5.21,"Year: 1978
Mean change: -5.2%
SD: ±5.2%"
1978,historical,Indian,-7.78,-2.45,-3.01,5.25,3.56,"Year: 1978
Mean change: -2.5%
SD: ±3.6%"
1978,historical,Pacific,-6.66,-2.08,-1.36,1.69,2.88,"Year: 1978
Mean change: -2.1%
SD: ±2.9%"
1979,historical,Atlantic,-12.31,-3.19,-2.89,2.94,3.91,"Year: 1979
Mean change: -3.2%
SD: ±3.9%"
1979,historical,Indian,-6.52,-2.08,-1.67,1.37,2.61,"Year: 1979
Mean change: -2.1%
SD: ±2.6%"
1979,historical,Pacific,-6.56,-0.39,-0.88,8.56,3.96,"Year: 1979
Mean change: -0.4%
SD: ±4%"
1980,historical,Atlantic,-12.1,-1.89,-1.16,2.72,3.93,"Year: 1980
Mean change: -1.9%
SD: ±3.9%"
1980,historical,Indian,-5.44,-2.6,-3.55,2.4,2.48,"Year: 1980
Mean change: -2.6%
SD: ±2.5%"
1980,historical,Pacific,-6.65,-1.23,-1.24,3.26,2.51,"Year: 1980
Mean change: -1.2%
SD: ±2.5%"
1981,historical,Atlantic,-11.3,-1.96,-2.25,7.08,5.26,"Year: 1981
Mean change: -2%
SD: ±5.3%"
1981,historical,Indian,-6.16,-3.02,-3.49,0.26,2.16,"Year: 1981
Mean change: -3%
SD: ±2.2%"
1981,historical,Pacific,-10.3,-3.73,-3.56,1.69,3.51,"Year: 1981
Mean change: -3.7%
SD: ±3.5%"
1982,historical,Atlantic,-11.92,-6.21,-7,2.02,4.47,"Year: 1982
Mean change: -6.2%
SD: ±4.5%"
1982,historical,Indian,-6.69,-3.25,-3.97,2.31,2.84,"Year: 1982
Mean change: -3.2%
SD: ±2.8%"
1982,historical,Pacific,-9.02,-3.37,-3.91,4.23,3.94,"Year: 1982
Mean change: -3.4%
SD: ±3.9%"
1983,historical,Atlantic,-11.82,-5.89,-4.54,1.15,4.59,"Year: 1983
Mean change: -5.9%
SD: ±4.6%"
1983,historical,Indian,-6.42,-1.59,-1.66,3.09,2.79,"Year: 1983
Mean change: -1.6%
SD: ±2.8%"
1983,historical,Pacific,-12.18,-2.72,-1.7,3.15,4.48,"Year: 1983
Mean change: -2.7%
SD: ±4.5%"
1984,historical,Atlantic,-9.78,-3.1,-2.78,6.5,4.57,"Year: 1984
Mean change: -3.1%
SD: ±4.6%"
1984,historical,Indian,-8.29,-1.56,-1.78,5.36,3.84,"Year: 1984
Mean change: -1.6%
SD: ±3.8%"
1984,historical,Pacific,-10.66,-1.01,1.01,6.27,5.03,"Year: 1984
Mean change: -1%
SD: ±5%"
1985,historical,Atlantic,-9.47,-3.49,-3.41,2.57,3.7,"Year: 1985
Mean change: -3.5%
SD: ±3.7%"
1985,historical,Indian,-9.09,-2.51,-3.27,2.95,3.73,"Year: 1985
Mean change: -2.5%
SD: ±3.7%"
1985,historical,Pacific,-7.02,-1.98,-1.83,2.97,3.29,"Year: 1985
Mean change: -2%
SD: ±3.3%"
1986,historical,Atlantic,-10.53,-3.74,-3.77,1.66,3.99,"Year: 1986
Mean change: -3.7%
SD: ±4%"
1986,historical,Indian,-7.86,-1.55,-1.41,3.12,3.9,"Year: 1986
Mean change: -1.6%
SD: ±3.9%"
1986,historical,Pacific,-6.58,-0.94,-0.97,4.7,4.43,"Year: 1986
Mean change: -0.9%
SD: ±4.4%"
1987,historical,Atlantic,-7.08,-3.37,-3.34,1.59,2.81,"Year: 1987
Mean change: -3.4%
SD: ±2.8%"
1987,historical,Indian,-6.3,-1.63,-1.61,2.93,2.96,"Year: 1987
Mean change: -1.6%
SD: ±3%"
1987,historical,Pacific,-7.51,-0.1,0.48,5.47,4.63,"Year: 1987
Mean change: -0.1%
SD: ±4.6%"
1988,historical,Atlantic,-8.05,-2.54,-1.92,3.04,3.79,"Year: 1988
Mean change: -2.5%
SD: ±3.8%"
1988,historical,Indian,-5.19,-0.69,-1.29,4.37,3.59,"Year: 1988
Mean change: -0.7%
SD: ±3.6%"
1988,historical,Pacific,-7.53,0.9,1.41,6.69,4.76,"Year: 1988
Mean change: 0.9%
SD: ±4.8%"
1989,historical,Atlantic,-8.95,-0.92,-0.49,5.96,4.41,"Year: 1989
Mean change: -0.9%
SD: ±4.4%"
1989,historical,Indian,-5.07,-0.89,-0.98,4.33,3.54,"Year: 1989
Mean change: -0.9%
SD: ±3.5%"
1989,historical,Pacific,-5.86,-1.14,-1.6,6.69,4.32,"Year: 1989
Mean change: -1.1%
SD: ±4.3%"
1990,historical,Atlantic,-12.85,-0.33,1.56,6.37,5.57,"Year: 1990
Mean change: -0.3%
SD: ±5.6%"
1990,historical,Indian,-8.19,-1.06,-1.74,5.38,4.44,"Year: 1990
Mean change: -1.1%
SD: ±4.4%"
1990,historical,Pacific,-6.88,0.64,-0.01,9.83,6.01,"Year: 1990
Mean change: 0.6%
SD: ±6%"
1991,historical,Atlantic,-9.83,-1.94,-2.49,4.29,4,"Year: 1991
Mean change: -1.9%
SD: ±4%"
1991,historical,Indian,-4.56,0.81,0.07,6.14,3.57,"Year: 1991
Mean change: 0.8%
SD: ±3.6%"
1991,historical,Pacific,-5.01,0.74,0.18,8.49,4.27,"Year: 1991
Mean change: 0.7%
SD: ±4.3%"
1992,historical,Atlantic,-5.26,-0.42,-0.54,5,3.09,"Year: 1992
Mean change: -0.4%
SD: ±3.1%"
1992,historical,Indian,-6.59,-1.62,-3.52,5.94,5.19,"Year: 1992
Mean change: -1.6%
SD: ±5.2%"
1992,historical,Pacific,-9.83,-2.63,-4.77,9.37,6.49,"Year: 1992
Mean change: -2.6%
SD: ±6.5%"
1993,historical,Atlantic,-5.08,0.25,-0.06,4.65,3.19,"Year: 1993
Mean change: 0.2%
SD: ±3.2%"
1993,historical,Indian,-6.16,-0.29,0.97,4.95,3.88,"Year: 1993
Mean change: -0.3%
SD: ±3.9%"
1993,historical,Pacific,-11.33,-1.69,-2.87,7.97,6.28,"Year: 1993
Mean change: -1.7%
SD: ±6.3%"
1994,historical,Atlantic,-7.67,-0.45,0.99,4.9,4.73,"Year: 1994
Mean change: -0.4%
SD: ±4.7%"
1994,historical,Indian,-3.54,-0.54,-1.36,3.91,2.65,"Year: 1994
Mean change: -0.5%
SD: ±2.6%"
1994,historical,Pacific,-11.57,-1.69,-1.5,6.74,5.11,"Year: 1994
Mean change: -1.7%
SD: ±5.1%"
1995,historical,Atlantic,-2.18,0.17,-0.41,4.16,2.12,"Year: 1995
Mean change: 0.2%
SD: ±2.1%"
1995,historical,Indian,-4.72,0.12,1.25,4.16,3.44,"Year: 1995
Mean change: 0.1%
SD: ±3.4%"
1995,historical,Pacific,-11.54,-1.54,-0.95,5.63,5.03,"Year: 1995
Mean change: -1.5%
SD: ±5%"
1996,historical,Atlantic,-7.17,-2.23,-2.7,2.03,3.39,"Year: 1996
Mean change: -2.2%
SD: ±3.4%"
1996,historical,Indian,-5.69,-2.03,-3.39,2.87,3.02,"Year: 1996
Mean change: -2%
SD: ±3%"
1996,historical,Pacific,-13.68,-1.99,-2.76,5.22,5.5,"Year: 1996
Mean change: -2%
SD: ±5.5%"
1997,historical,Atlantic,-4.84,0.8,0.84,8.45,3.46,"Year: 1997
Mean change: 0.8%
SD: ±3.5%"
1997,historical,Indian,-6.83,-0.68,0.68,2.71,3.39,"Year: 1997
Mean change: -0.7%
SD: ±3.4%"
1997,historical,Pacific,-11.9,-3.76,-4.48,3.86,4.36,"Year: 1997
Mean change: -3.8%
SD: ±4.4%"
1998,historical,Atlantic,-1.82,0.22,0.27,2.21,1.45,"Year: 1998
Mean change: 0.2%
SD: ±1.4%"
1998,historical,Indian,-4.32,-0.22,0.96,2.52,2.72,"Year: 1998
Mean change: -0.2%
SD: ±2.7%"
1998,historical,Pacific,-9.08,-4,-4.47,2.55,3.52,"Year: 1998
Mean change: -4%
SD: ±3.5%"
1999,historical,Atlantic,-4.65,-0.28,0.32,2.17,1.98,"Year: 1999
Mean change: -0.3%
SD: ±2%"
1999,historical,Indian,-4.46,-0.24,0.37,2.56,2.3,"Year: 1999
Mean change: -0.2%
SD: ±2.3%"
1999,historical,Pacific,-8.37,-1.89,-2.41,3.03,4.07,"Year: 1999
Mean change: -1.9%
SD: ±4.1%"
2000,historical,Atlantic,-5.63,-0.92,-0.18,1.83,2.68,"Year: 2000
Mean change: -0.9%
SD: ±2.7%"
2000,historical,Indian,-4.86,-1.61,-1.4,1.62,2.36,"Year: 2000
Mean change: -1.6%
SD: ±2.4%"
2000,historical,Pacific,-5.81,-2.13,-2.15,1.57,2.29,"Year: 2000
Mean change: -2.1%
SD: ±2.3%"
2001,historical,Atlantic,-8.06,-0.68,-0.18,2.4,3.16,"Year: 2001
Mean change: -0.7%
SD: ±3.2%"
2001,historical,Indian,-4.72,0.58,0.77,5.16,2.96,"Year: 2001
Mean change: 0.6%
SD: ±3%"
2001,historical,Pacific,-8.28,-0.12,1.23,4.05,3.58,"Year: 2001
Mean change: -0.1%
SD: ±3.6%"
2002,historical,Atlantic,-1.29,1.08,1.33,2.78,1.51,"Year: 2002
Mean change: 1.1%
SD: ±1.5%"
2002,historical,Indian,-4.52,0.42,1.1,2.84,1.98,"Year: 2002
Mean change: 0.4%
SD: ±2%"
2002,historical,Pacific,-8.47,-0.74,0.25,3.53,3.76,"Year: 2002
Mean change: -0.7%
SD: ±3.8%"
2003,historical,Atlantic,-10.25,-2.21,-1.68,1.12,3.33,"Year: 2003
Mean change: -2.2%
SD: ±3.3%"
2003,historical,Indian,-7.89,-2.83,-4.07,3.94,3.96,"Year: 2003
Mean change: -2.8%
SD: ±4%"
2003,historical,Pacific,-4.07,0.02,0.16,5.84,2.81,"Year: 2003
Mean change: 0%
SD: ±2.8%"
2004,historical,Atlantic,-9.04,-1.78,-0.28,0.98,3.03,"Year: 2004
Mean change: -1.8%
SD: ±3%"
2004,historical,Indian,-7.33,-2.93,-3.46,1.78,2.96,"Year: 2004
Mean change: -2.9%
SD: ±3%"
2004,historical,Pacific,-7.8,-0.91,-0.5,6.7,4.57,"Year: 2004
Mean change: -0.9%
SD: ±4.6%"
2005,historical,Atlantic,-10.71,-1.62,-0.47,2.45,3.78,"Year: 2005
Mean change: -1.6%
SD: ±3.8%"
2005,historical,Indian,-4.02,-2.13,-2.69,0.37,1.61,"Year: 2005
Mean change: -2.1%
SD: ±1.6%"
2005,historical,Pacific,-5.76,-0.98,-0.22,1.83,2.67,"Year: 2005
Mean change: -1%
SD: ±2.7%"
2006,historical,Atlantic,-7.62,-2.47,-1.73,0.63,2.99,"Year: 2006
Mean change: -2.5%
SD: ±3%"
2006,historical,Indian,-6.4,-1.62,-0.89,0.53,2.15,"Year: 2006
Mean change: -1.6%
SD: ±2.1%"
2006,historical,Pacific,-7.35,-0.1,-0.54,4.77,3.7,"Year: 2006
Mean change: -0.1%
SD: ±3.7%"
2007,historical,Atlantic,-2.78,0.71,0.27,4.86,2.32,"Year: 2007
Mean change: 0.7%
SD: ±2.3%"
2007,historical,Indian,-2.78,2.11,1.67,9.33,3.67,"Year: 2007
Mean change: 2.1%
SD: ±3.7%"
2007,historical,Pacific,-8.51,-1.75,-1.37,1.84,2.87,"Year: 2007
Mean change: -1.8%
SD: ±2.9%"
2008,historical,Atlantic,-2.08,0.4,-0,3.3,1.57,"Year: 2008
Mean change: 0.4%
SD: ±1.6%"
2008,historical,Indian,-1.29,1.18,1.12,3.62,1.65,"Year: 2008
Mean change: 1.2%
SD: ±1.6%"
2008,historical,Pacific,-7.61,-0.8,0.21,2.26,3.2,"Year: 2008
Mean change: -0.8%
SD: ±3.2%"
2009,historical,Atlantic,0.12,2.16,1.24,6.19,2.23,"Year: 2009
Mean change: 2.2%
SD: ±2.2%"
2009,historical,Indian,-2.71,0.87,0.76,3.31,1.86,"Year: 2009
Mean change: 0.9%
SD: ±1.9%"
2009,historical,Pacific,-0.77,2.5,2.32,8.05,2.64,"Year: 2009
Mean change: 2.5%
SD: ±2.6%"
2010,historical,Atlantic,-0.53,1.87,1.07,5.86,2.03,"Year: 2010
Mean change: 1.9%
SD: ±2%"
2010,historical,Indian,-7.23,-0.2,1.09,3.99,4,"Year: 2010
Mean change: -0.2%
SD: ±4%"
2010,historical,Pacific,-2.05,1.73,0.45,8.3,3.49,"Year: 2010
Mean change: 1.7%
SD: ±3.5%"
2011,historical,Atlantic,-6.29,-0.6,-0.05,4.81,2.97,"Year: 2011
Mean change: -0.6%
SD: ±3%"
2011,historical,Indian,-4.01,-0.12,0.06,2.6,2.09,"Year: 2011
Mean change: -0.1%
SD: ±2.1%"
2011,historical,Pacific,-4.2,0.01,-0.23,5.41,2.39,"Year: 2011
Mean change: 0%
SD: ±2.4%"
2012,historical,Atlantic,-3.82,-0.24,-0.13,3.03,1.8,"Year: 2012
Mean change: -0.2%
SD: ±1.8%"
2012,historical,Indian,-2.9,0.32,0.08,2.56,1.69,"Year: 2012
Mean change: 0.3%
SD: ±1.7%"
2012,historical,Pacific,-1.97,0.25,-0.5,4.71,2.03,"Year: 2012
Mean change: 0.2%
SD: ±2%"
2013,historical,Atlantic,-6.33,-0.05,-0.32,6.55,4.32,"Year: 2013
Mean change: 0%
SD: ±4.3%"
2013,historical,Indian,-3.77,-0.18,-0.03,2.37,1.85,"Year: 2013
Mean change: -0.2%
SD: ±1.9%"
2013,historical,Pacific,-4.43,-0.45,-1.02,5.38,2.83,"Year: 2013
Mean change: -0.4%
SD: ±2.8%"
2014,historical,Atlantic,-3.77,-0.16,-0.32,2.81,1.71,"Year: 2014
Mean change: -0.2%
SD: ±1.7%"
2014,historical,Indian,-2.38,-0.21,-0.32,2.39,1.47,"Year: 2014
Mean change: -0.2%
SD: ±1.5%"
2014,historical,Pacific,-6.8,-0.4,-0.44,4.05,3.29,"Year: 2014
Mean change: -0.4%
SD: ±3.3%"
2015,ssp126,Atlantic,-3.84,-0.85,-0.65,3.36,2.01,"Year: 2015
Mean change: -0.8%
SD: ±2%"
2015,ssp126,Indian,-2.08,-0.51,-0.5,2.3,1.15,"Year: 2015
Mean change: -0.5%
SD: ±1.1%"
2015,ssp126,Pacific,-6.25,-1.5,-2.32,4.01,3.37,"Year: 2015
Mean change: -1.5%
SD: ±3.4%"
2015,ssp585,Atlantic,-4.83,-0.56,-0.42,5.41,3.24,"Year: 2015
Mean change: -0.6%
SD: ±3.2%"
2015,ssp585,Indian,-3.19,-0.82,-0.84,2.28,1.47,"Year: 2015
Mean change: -0.8%
SD: ±1.5%"
2015,ssp585,Pacific,-9.41,-2.17,-2.47,3.86,4.47,"Year: 2015
Mean change: -2.2%
SD: ±4.5%"
2016,ssp126,Atlantic,-0.87,0.45,-0.1,2.98,1.34,"Year: 2016
Mean change: 0.4%
SD: ±1.3%"
2016,ssp126,Indian,-5.03,-1.21,-0.85,1.99,1.95,"Year: 2016
Mean change: -1.2%
SD: ±2%"
2016,ssp126,Pacific,-4.16,0.45,0.34,7.78,3.62,"Year: 2016
Mean change: 0.4%
SD: ±3.6%"
2016,ssp585,Atlantic,-8.45,-2.26,-1.27,3.64,3.36,"Year: 2016
Mean change: -2.3%
SD: ±3.4%"
2016,ssp585,Indian,-8.78,-3.12,-3.43,2.3,3.05,"Year: 2016
Mean change: -3.1%
SD: ±3%"
2016,ssp585,Pacific,-5.6,-0.74,-0.4,4.63,3.04,"Year: 2016
Mean change: -0.7%
SD: ±3%"
2017,ssp126,Atlantic,-12.88,-2.7,-1.17,1.31,4.06,"Year: 2017
Mean change: -2.7%
SD: ±4.1%"
2017,ssp126,Indian,-10.83,-4.58,-4.85,1.26,3.84,"Year: 2017
Mean change: -4.6%
SD: ±3.8%"
2017,ssp126,Pacific,-10.31,-1.31,-1.99,4.96,4.57,"Year: 2017
Mean change: -1.3%
SD: ±4.6%"
2017,ssp585,Atlantic,-4.56,0.07,0.34,4.18,2.6,"Year: 2017
Mean change: 0.1%
SD: ±2.6%"
2017,ssp585,Indian,-4.9,-1.78,-1.68,2.47,2.12,"Year: 2017
Mean change: -1.8%
SD: ±2.1%"
2017,ssp585,Pacific,-2.8,0.41,-0.63,5.69,2.77,"Year: 2017
Mean change: 0.4%
SD: ±2.8%"
2018,ssp126,Atlantic,-8.83,-3.09,-2.27,2.69,3.53,"Year: 2018
Mean change: -3.1%
SD: ±3.5%"
2018,ssp126,Indian,-8.8,-4.45,-4.66,0.3,2.8,"Year: 2018
Mean change: -4.4%
SD: ±2.8%"
2018,ssp126,Pacific,-6.81,-1.26,-1.5,5.14,3.62,"Year: 2018
Mean change: -1.3%
SD: ±3.6%"
2018,ssp585,Atlantic,-3.03,-0.36,-0.52,2.73,2.01,"Year: 2018
Mean change: -0.4%
SD: ±2%"
2018,ssp585,Indian,-6.82,-0.98,-0.81,3.02,3.03,"Year: 2018
Mean change: -1%
SD: ±3%"
2018,ssp585,Pacific,-2.65,1.69,1.14,7.34,3.48,"Year: 2018
Mean change: 1.7%
SD: ±3.5%"
2019,ssp126,Atlantic,-7.12,-1.32,-1.22,4.15,3.53,"Year: 2019
Mean change: -1.3%
SD: ±3.5%"
2019,ssp126,Indian,-5.75,-3.73,-4.03,-0.9,1.64,"Year: 2019
Mean change: -3.7%
SD: ±1.6%"
2019,ssp126,Pacific,-5.3,-1.13,-1.64,4.98,2.72,"Year: 2019
Mean change: -1.1%
SD: ±2.7%"
2019,ssp585,Atlantic,-4.98,-1.51,-1.78,3.36,2.83,"Year: 2019
Mean change: -1.5%
SD: ±2.8%"
2019,ssp585,Indian,-6.16,-0.02,0.46,4.09,3.03,"Year: 2019
Mean change: 0%
SD: ±3%"
2019,ssp585,Pacific,-2.55,2.14,0.81,11.8,4.49,"Year: 2019
Mean change: 2.1%
SD: ±4.5%"
2020,ssp126,Atlantic,-4.7,-0.76,-1.57,2.97,2.37,"Year: 2020
Mean change: -0.8%
SD: ±2.4%"
2020,ssp126,Indian,-6.63,-2.72,-2.18,0.16,1.87,"Year: 2020
Mean change: -2.7%
SD: ±1.9%"
2020,ssp126,Pacific,-4.27,0.01,0.14,4.97,2.67,"Year: 2020
Mean change: 0%
SD: ±2.7%"
2020,ssp585,Atlantic,-8.13,-2.87,-2.33,3.3,3.53,"Year: 2020
Mean change: -2.9%
SD: ±3.5%"
2020,ssp585,Indian,-7.4,-3.22,-3.16,2.11,2.72,"Year: 2020
Mean change: -3.2%
SD: ±2.7%"
2020,ssp585,Pacific,-2.87,1.99,-0.26,16.32,6.17,"Year: 2020
Mean change: 2%
SD: ±6.2%"
2021,ssp126,Atlantic,-9.25,-1.38,-1,3.31,3.52,"Year: 2021
Mean change: -1.4%
SD: ±3.5%"
2021,ssp126,Indian,-7.5,-2.52,-2.27,1.17,2.4,"Year: 2021
Mean change: -2.5%
SD: ±2.4%"
2021,ssp126,Pacific,-2.78,0.4,0.25,5.23,2.45,"Year: 2021
Mean change: 0.4%
SD: ±2.5%"
2021,ssp585,Atlantic,-8.05,-0.82,-1.87,6.9,5.07,"Year: 2021
Mean change: -0.8%
SD: ±5.1%"
2021,ssp585,Indian,-5.74,-1.19,-1.17,3.76,3.2,"Year: 2021
Mean change: -1.2%
SD: ±3.2%"
2021,ssp585,Pacific,-6.69,1.36,-1.42,16.06,7.09,"Year: 2021
Mean change: 1.4%
SD: ±7.1%"
2022,ssp126,Atlantic,-10.23,-1.98,-1.13,0.93,3.3,"Year: 2022
Mean change: -2%
SD: ±3.3%"
2022,ssp126,Indian,-6.42,-3.49,-3.5,-1.05,1.83,"Year: 2022
Mean change: -3.5%
SD: ±1.8%"
2022,ssp126,Pacific,-4.81,0.1,0.71,5.58,3.3,"Year: 2022
Mean change: 0.1%
SD: ±3.3%"
2022,ssp585,Atlantic,-4.23,0.68,0.71,7.08,3.01,"Year: 2022
Mean change: 0.7%
SD: ±3%"
2022,ssp585,Indian,-2.17,-0.89,-1.33,1.42,1.24,"Year: 2022
Mean change: -0.9%
SD: ±1.2%"
2022,ssp585,Pacific,-11,0.31,-1.44,11.07,6.61,"Year: 2022
Mean change: 0.3%
SD: ±6.6%"
2023,ssp126,Atlantic,-4.3,-0.7,-0.87,5.04,2.83,"Year: 2023
Mean change: -0.7%
SD: ±2.8%"
2023,ssp126,Indian,-10.13,-4.48,-3.88,-1.09,3.08,"Year: 2023
Mean change: -4.5%
SD: ±3.1%"
2023,ssp126,Pacific,-7.27,-2.73,-3.94,5.84,4.35,"Year: 2023
Mean change: -2.7%
SD: ±4.3%"
2023,ssp585,Atlantic,-8.68,-2.62,-1.56,2.58,3.2,"Year: 2023
Mean change: -2.6%
SD: ±3.2%"
2023,ssp585,Indian,-3.25,-0.19,-0.69,3.79,2.13,"Year: 2023
Mean change: -0.2%
SD: ±2.1%"
2023,ssp585,Pacific,-6.77,1.39,0.68,11.17,5.12,"Year: 2023
Mean change: 1.4%
SD: ±5.1%"
2024,ssp126,Atlantic,-7.62,-1.49,-2.18,6.45,3.96,"Year: 2024
Mean change: -1.5%
SD: ±4%"
2024,ssp126,Indian,-5.8,-2.79,-2.52,1.26,2.15,"Year: 2024
Mean change: -2.8%
SD: ±2.1%"
2024,ssp126,Pacific,-7.41,-2.61,-3.8,5.67,4.11,"Year: 2024
Mean change: -2.6%
SD: ±4.1%"
2024,ssp585,Atlantic,-3.35,-0.5,-0.91,3.33,1.95,"Year: 2024
Mean change: -0.5%
SD: ±2%"
2024,ssp585,Indian,-1.09,0.18,-0.37,2.99,1.34,"Year: 2024
Mean change: 0.2%
SD: ±1.3%"
2024,ssp585,Pacific,-11.69,-0.11,-0.79,11.57,6.32,"Year: 2024
Mean change: -0.1%
SD: ±6.3%"
2025,ssp126,Atlantic,-12.68,-2.89,-3.29,4.99,5.32,"Year: 2025
Mean change: -2.9%
SD: ±5.3%"
2025,ssp126,Indian,-5.4,-2.83,-2.65,1.16,2,"Year: 2025
Mean change: -2.8%
SD: ±2%"
2025,ssp126,Pacific,-12.18,-4.48,-4.8,5.08,4.63,"Year: 2025
Mean change: -4.5%
SD: ±4.6%"
2025,ssp585,Atlantic,-2.86,1.41,-0.02,8.47,3.78,"Year: 2025
Mean change: 1.4%
SD: ±3.8%"
2025,ssp585,Indian,-1.58,0.37,0.33,2.1,1.37,"Year: 2025
Mean change: 0.4%
SD: ±1.4%"
2025,ssp585,Pacific,-3.68,1.05,0.49,11.92,4.85,"Year: 2025
Mean change: 1%
SD: ±4.8%"
2026,ssp126,Atlantic,-5.05,-1.78,-2.31,1.36,2.18,"Year: 2026
Mean change: -1.8%
SD: ±2.2%"
2026,ssp126,Indian,-5.74,-1.96,-2.13,2.84,2.54,"Year: 2026
Mean change: -2%
SD: ±2.5%"
2026,ssp126,Pacific,-11.79,-3.91,-3.09,3.87,4.64,"Year: 2026
Mean change: -3.9%
SD: ±4.6%"
2026,ssp585,Atlantic,-6.47,-2.23,-1.62,0.54,2.02,"Year: 2026
Mean change: -2.2%
SD: ±2%"
2026,ssp585,Indian,-6.67,-2.06,-1.52,2.11,2.61,"Year: 2026
Mean change: -2.1%
SD: ±2.6%"
2026,ssp585,Pacific,-3.88,0.89,-0.96,12.06,4.65,"Year: 2026
Mean change: 0.9%
SD: ±4.7%"
2027,ssp126,Atlantic,-2.59,-0.55,-0.86,3.72,1.88,"Year: 2027
Mean change: -0.6%
SD: ±1.9%"
2027,ssp126,Indian,-6.08,-2.57,-2.31,1.29,2.54,"Year: 2027
Mean change: -2.6%
SD: ±2.5%"
2027,ssp126,Pacific,-8.16,-3.71,-4.33,2.71,3.16,"Year: 2027
Mean change: -3.7%
SD: ±3.2%"
2027,ssp585,Atlantic,-5.86,-2.38,-2.17,1.53,2.25,"Year: 2027
Mean change: -2.4%
SD: ±2.2%"
2027,ssp585,Indian,-4.72,-1.7,-1.98,1.58,1.9,"Year: 2027
Mean change: -1.7%
SD: ±1.9%"
2027,ssp585,Pacific,-4.26,0.56,-0.67,11.8,4.68,"Year: 2027
Mean change: 0.6%
SD: ±4.7%"
2028,ssp126,Atlantic,-4.98,-0.19,-0.69,8.19,4.13,"Year: 2028
Mean change: -0.2%
SD: ±4.1%"
2028,ssp126,Indian,-6.02,-1.65,-2.03,2.43,2.77,"Year: 2028
Mean change: -1.6%
SD: ±2.8%"
2028,ssp126,Pacific,-4.74,-1.72,-2.34,2.07,2.26,"Year: 2028
Mean change: -1.7%
SD: ±2.3%"
2028,ssp585,Atlantic,-1.63,0.39,-0.59,5.97,2.42,"Year: 2028
Mean change: 0.4%
SD: ±2.4%"
2028,ssp585,Indian,-1.37,0.4,0.07,3.37,1.5,"Year: 2028
Mean change: 0.4%
SD: ±1.5%"
2028,ssp585,Pacific,-3.85,1.19,0.26,11,4.3,"Year: 2028
Mean change: 1.2%
SD: ±4.3%"
2029,ssp126,Atlantic,-3.51,-0.31,-0.41,2.96,1.97,"Year: 2029
Mean change: -0.3%
SD: ±2%"
2029,ssp126,Indian,-5.23,-1.87,-2,0.6,2.21,"Year: 2029
Mean change: -1.9%
SD: ±2.2%"
2029,ssp126,Pacific,-4.75,-0.25,-0.01,4.4,2.7,"Year: 2029
Mean change: -0.2%
SD: ±2.7%"
2029,ssp585,Atlantic,-4.24,-0.77,-1.18,2.01,1.81,"Year: 2029
Mean change: -0.8%
SD: ±1.8%"
2029,ssp585,Indian,-3.83,-1.4,-1.78,3.12,2.04,"Year: 2029
Mean change: -1.4%
SD: ±2%"
2029,ssp585,Pacific,-6.54,0.22,-1.2,9.9,5.24,"Year: 2029
Mean change: 0.2%
SD: ±5.2%"
2030,ssp126,Atlantic,-7,-2.09,-2.35,3.74,2.98,"Year: 2030
Mean change: -2.1%
SD: ±3%"
2030,ssp126,Indian,-8.38,-3.15,-3.56,3.94,3.02,"Year: 2030
Mean change: -3.1%
SD: ±3%"
2030,ssp126,Pacific,-4.72,-0.51,-0.55,5.15,2.95,"Year: 2030
Mean change: -0.5%
SD: ±3%"
2030,ssp585,Atlantic,-6.3,-1.03,-0.45,0.96,2.07,"Year: 2030
Mean change: -1%
SD: ±2.1%"
2030,ssp585,Indian,-6.72,-2.05,-1.4,2.35,2.49,"Year: 2030
Mean change: -2%
SD: ±2.5%"
2030,ssp585,Pacific,-4.2,0.01,-1.38,8.53,4.18,"Year: 2030
Mean change: 0%
SD: ±4.2%"
2031,ssp126,Atlantic,-8.78,-0.13,0.26,9.02,5.16,"Year: 2031
Mean change: -0.1%
SD: ±5.2%"
2031,ssp126,Indian,-7.85,-3.02,-3.1,5.51,3.52,"Year: 2031
Mean change: -3%
SD: ±3.5%"
2031,ssp126,Pacific,-7.04,-2.21,-2.89,6.28,3.94,"Year: 2031
Mean change: -2.2%
SD: ±3.9%"
2031,ssp585,Atlantic,-7.04,-1.7,-1.49,2.79,2.93,"Year: 2031
Mean change: -1.7%
SD: ±2.9%"
2031,ssp585,Indian,-7.1,-2.4,-1.85,0.58,2.61,"Year: 2031
Mean change: -2.4%
SD: ±2.6%"
2031,ssp585,Pacific,-9.16,-2.78,-2.52,7.01,4.97,"Year: 2031
Mean change: -2.8%
SD: ±5%"
2032,ssp126,Atlantic,-4.11,-0.48,-0.69,3.2,2.22,"Year: 2032
Mean change: -0.5%
SD: ±2.2%"
2032,ssp126,Indian,-5.75,-1.63,-2.59,3.06,2.89,"Year: 2032
Mean change: -1.6%
SD: ±2.9%"
2032,ssp126,Pacific,-4.84,-1.35,-2.08,3.38,3.02,"Year: 2032
Mean change: -1.4%
SD: ±3%"
2032,ssp585,Atlantic,-8.57,-3.56,-3.97,0.76,2.96,"Year: 2032
Mean change: -3.6%
SD: ±3%"
2032,ssp585,Indian,-6.42,-3.24,-2.64,-1.73,1.75,"Year: 2032
Mean change: -3.2%
SD: ±1.8%"
2032,ssp585,Pacific,-4.38,-0.47,-2.41,8.98,4.4,"Year: 2032
Mean change: -0.5%
SD: ±4.4%"
2033,ssp126,Atlantic,-6.25,-2.11,-1.99,2.62,2.9,"Year: 2033
Mean change: -2.1%
SD: ±2.9%"
2033,ssp126,Indian,-4.69,-2.5,-2.68,2.42,1.96,"Year: 2033
Mean change: -2.5%
SD: ±2%"
2033,ssp126,Pacific,-4.81,-1.5,-0.88,1.56,2.1,"Year: 2033
Mean change: -1.5%
SD: ±2.1%"
2033,ssp585,Atlantic,-9.57,-2.35,-2.09,6.25,4.08,"Year: 2033
Mean change: -2.4%
SD: ±4.1%"
2033,ssp585,Indian,-5.27,-2.67,-2.6,-0.04,1.48,"Year: 2033
Mean change: -2.7%
SD: ±1.5%"
2033,ssp585,Pacific,-4.67,-1.05,-1.79,4.77,2.87,"Year: 2033
Mean change: -1%
SD: ±2.9%"
2034,ssp126,Atlantic,-6.23,-1.38,-1.34,2.24,2.24,"Year: 2034
Mean change: -1.4%
SD: ±2.2%"
2034,ssp126,Indian,-3.17,-1.16,-1.59,5.81,2.6,"Year: 2034
Mean change: -1.2%
SD: ±2.6%"
2034,ssp126,Pacific,-4.91,-1.45,-1.59,1.32,2.06,"Year: 2034
Mean change: -1.4%
SD: ±2.1%"
2034,ssp585,Atlantic,-5.48,-1.41,-1.8,3.12,2.59,"Year: 2034
Mean change: -1.4%
SD: ±2.6%"
2034,ssp585,Indian,-5.66,-2.01,-2.19,1.52,2.02,"Year: 2034
Mean change: -2%
SD: ±2%"
2034,ssp585,Pacific,-8.35,-3,-3.53,3.94,4.14,"Year: 2034
Mean change: -3%
SD: ±4.1%"
2035,ssp126,Atlantic,-8.41,-2.45,-2.43,1.74,2.9,"Year: 2035
Mean change: -2.5%
SD: ±2.9%"
2035,ssp126,Indian,-5.44,-2.1,-2.85,6.73,3.39,"Year: 2035
Mean change: -2.1%
SD: ±3.4%"
2035,ssp126,Pacific,-10.28,-3.11,-2.97,4.16,4.33,"Year: 2035
Mean change: -3.1%
SD: ±4.3%"
2035,ssp585,Atlantic,-2.57,-0.44,-1.29,5.66,2.45,"Year: 2035
Mean change: -0.4%
SD: ±2.5%"
2035,ssp585,Indian,-3.82,-1.45,-1.68,1.36,1.57,"Year: 2035
Mean change: -1.4%
SD: ±1.6%"
2035,ssp585,Pacific,-5.32,-1.94,-2.14,2.87,2.85,"Year: 2035
Mean change: -1.9%
SD: ±2.9%"
2036,ssp126,Atlantic,-2.79,1.15,-0.33,10.98,5.25,"Year: 2036
Mean change: 1.1%
SD: ±5.2%"
2036,ssp126,Indian,-4.56,-1.57,-2.7,3.05,2.37,"Year: 2036
Mean change: -1.6%
SD: ±2.4%"
2036,ssp126,Pacific,-5.4,-2.4,-2.45,2.4,2.48,"Year: 2036
Mean change: -2.4%
SD: ±2.5%"
2036,ssp585,Atlantic,-2.37,-0.21,-0.94,3.55,1.92,"Year: 2036
Mean change: -0.2%
SD: ±1.9%"
2036,ssp585,Indian,-4.2,-0.72,-1.14,2.53,2.12,"Year: 2036
Mean change: -0.7%
SD: ±2.1%"
2036,ssp585,Pacific,-7.48,-2.91,-2.93,1.68,2.84,"Year: 2036
Mean change: -2.9%
SD: ±2.8%"
2037,ssp126,Atlantic,-2.67,-0.73,-1.39,5.38,2.29,"Year: 2037
Mean change: -0.7%
SD: ±2.3%"
2037,ssp126,Indian,-3.47,-1.17,-1.84,2.57,2.05,"Year: 2037
Mean change: -1.2%
SD: ±2%"
2037,ssp126,Pacific,-5.24,-2.39,-2.6,2.26,2.44,"Year: 2037
Mean change: -2.4%
SD: ±2.4%"
2037,ssp585,Atlantic,-3.12,-0.34,-1.38,6.16,2.76,"Year: 2037
Mean change: -0.3%
SD: ±2.8%"
2037,ssp585,Indian,-4.5,-0.67,-1.62,3.19,2.39,"Year: 2037
Mean change: -0.7%
SD: ±2.4%"
2037,ssp585,Pacific,-5.27,-1.26,-1.72,2.26,2.53,"Year: 2037
Mean change: -1.3%
SD: ±2.5%"
2038,ssp126,Atlantic,-5.89,-0.45,-0.83,3.84,3.14,"Year: 2038
Mean change: -0.4%
SD: ±3.1%"
2038,ssp126,Indian,-6.03,-1.4,-1.12,3.71,2.64,"Year: 2038
Mean change: -1.4%
SD: ±2.6%"
2038,ssp126,Pacific,-5.63,-3.01,-4.58,2.28,3.13,"Year: 2038
Mean change: -3%
SD: ±3.1%"
2038,ssp585,Atlantic,-2.93,0.14,-0.91,6.75,2.87,"Year: 2038
Mean change: 0.1%
SD: ±2.9%"
2038,ssp585,Indian,-5.22,-1.91,-2.17,2.7,2.71,"Year: 2038
Mean change: -1.9%
SD: ±2.7%"
2038,ssp585,Pacific,-5.45,-2.57,-3.1,1.21,2.11,"Year: 2038
Mean change: -2.6%
SD: ±2.1%"
2039,ssp126,Atlantic,-2.57,1.83,0.57,8.32,3.93,"Year: 2039
Mean change: 1.8%
SD: ±3.9%"
2039,ssp126,Indian,-7.33,-2.03,-2.16,4.63,3.32,"Year: 2039
Mean change: -2%
SD: ±3.3%"
2039,ssp126,Pacific,-11.47,-4.08,-4.38,2.59,4.63,"Year: 2039
Mean change: -4.1%
SD: ±4.6%"
2039,ssp585,Atlantic,-3.73,-0.12,-0.45,4.58,2.76,"Year: 2039
Mean change: -0.1%
SD: ±2.8%"
2039,ssp585,Indian,-10.29,-2.72,-2.22,2.29,3.92,"Year: 2039
Mean change: -2.7%
SD: ±3.9%"
2039,ssp585,Pacific,-6.14,-3.74,-4.21,0.13,2.13,"Year: 2039
Mean change: -3.7%
SD: ±2.1%"
2040,ssp126,Atlantic,-6.67,0.42,-1.42,10.09,5.77,"Year: 2040
Mean change: 0.4%
SD: ±5.8%"
2040,ssp126,Indian,-6,-0.79,-1.08,4.37,3.7,"Year: 2040
Mean change: -0.8%
SD: ±3.7%"
2040,ssp126,Pacific,-8,-3.33,-3.62,0.94,3.12,"Year: 2040
Mean change: -3.3%
SD: ±3.1%"
2040,ssp585,Atlantic,-5.1,-1.11,-1.17,4.62,3.29,"Year: 2040
Mean change: -1.1%
SD: ±3.3%"
2040,ssp585,Indian,-8.98,-3.05,-2.51,1.99,3.63,"Year: 2040
Mean change: -3%
SD: ±3.6%"
2040,ssp585,Pacific,-9.68,-3.11,-3.97,10.01,5.39,"Year: 2040
Mean change: -3.1%
SD: ±5.4%"
2041,ssp126,Atlantic,-4.95,1.11,-0.31,10.5,5.59,"Year: 2041
Mean change: 1.1%
SD: ±5.6%"
2041,ssp126,Indian,-5.15,-1.83,-2.81,4.34,2.85,"Year: 2041
Mean change: -1.8%
SD: ±2.9%"
2041,ssp126,Pacific,-9.22,-2.46,-1.89,2.48,4.51,"Year: 2041
Mean change: -2.5%
SD: ±4.5%"
2041,ssp585,Atlantic,-4.91,-1.93,-2.61,3.08,2.76,"Year: 2041
Mean change: -1.9%
SD: ±2.8%"
2041,ssp585,Indian,-7.91,-2.58,-2.49,1.12,3.08,"Year: 2041
Mean change: -2.6%
SD: ±3.1%"
2041,ssp585,Pacific,-11.65,-1.33,-2.28,12.14,6.84,"Year: 2041
Mean change: -1.3%
SD: ±6.8%"
2042,ssp126,Atlantic,-4.83,-1.32,-1.53,6.05,3.2,"Year: 2042
Mean change: -1.3%
SD: ±3.2%"
2042,ssp126,Indian,-5.26,-2.71,-3.63,4.95,3.09,"Year: 2042
Mean change: -2.7%
SD: ±3.1%"
2042,ssp126,Pacific,-10.22,-3.87,-4.55,5.95,4.61,"Year: 2042
Mean change: -3.9%
SD: ±4.6%"
2042,ssp585,Atlantic,-4.6,0.3,0.34,5.17,2.98,"Year: 2042
Mean change: 0.3%
SD: ±3%"
2042,ssp585,Indian,-8.06,-2.16,-2.56,3.45,3.29,"Year: 2042
Mean change: -2.2%
SD: ±3.3%"
2042,ssp585,Pacific,-8.03,-3.66,-3.34,1.64,2.83,"Year: 2042
Mean change: -3.7%
SD: ±2.8%"
2043,ssp126,Atlantic,-6.71,-1.75,-1.95,6.76,4.1,"Year: 2043
Mean change: -1.8%
SD: ±4.1%"
2043,ssp126,Indian,-5.34,-1.74,-2.83,5.62,3.21,"Year: 2043
Mean change: -1.7%
SD: ±3.2%"
2043,ssp126,Pacific,-11.24,-5.75,-5.42,-1.53,2.68,"Year: 2043
Mean change: -5.8%
SD: ±2.7%"
2043,ssp585,Atlantic,-4.7,-1.68,-2.23,3.77,2.51,"Year: 2043
Mean change: -1.7%
SD: ±2.5%"
2043,ssp585,Indian,-7.9,-3.56,-4.6,2.96,3.13,"Year: 2043
Mean change: -3.6%
SD: ±3.1%"
2043,ssp585,Pacific,-7.22,-2.98,-3.25,1.92,2.7,"Year: 2043
Mean change: -3%
SD: ±2.7%"
2044,ssp126,Atlantic,-5.02,-0.26,-0.1,5.88,3.09,"Year: 2044
Mean change: -0.3%
SD: ±3.1%"
2044,ssp126,Indian,-7.78,-1.94,-3.03,7.12,4.53,"Year: 2044
Mean change: -1.9%
SD: ±4.5%"
2044,ssp126,Pacific,-12.06,-2.94,-3.19,3.3,4.5,"Year: 2044
Mean change: -2.9%
SD: ±4.5%"
2044,ssp585,Atlantic,-4.66,0.78,1.19,5.57,3.21,"Year: 2044
Mean change: 0.8%
SD: ±3.2%"
2044,ssp585,Indian,-7.86,-2.76,-3.35,4.87,3.49,"Year: 2044
Mean change: -2.8%
SD: ±3.5%"
2044,ssp585,Pacific,-7.77,-2.63,-2.87,3.89,3.44,"Year: 2044
Mean change: -2.6%
SD: ±3.4%"
2045,ssp126,Atlantic,-4.92,-0.84,-0.85,4.06,3.32,"Year: 2045
Mean change: -0.8%
SD: ±3.3%"
2045,ssp126,Indian,-8.68,-3.46,-3.68,6.51,4.19,"Year: 2045
Mean change: -3.5%
SD: ±4.2%"
2045,ssp126,Pacific,-12.74,-5.56,-4.57,-1.08,4.29,"Year: 2045
Mean change: -5.6%
SD: ±4.3%"
2045,ssp585,Atlantic,-5.76,-1.03,-1.26,7.38,3.78,"Year: 2045
Mean change: -1%
SD: ±3.8%"
2045,ssp585,Indian,-7.99,-3.69,-4.21,4.34,3.35,"Year: 2045
Mean change: -3.7%
SD: ±3.4%"
2045,ssp585,Pacific,-8.48,-3.07,-3.89,2.57,3.52,"Year: 2045
Mean change: -3.1%
SD: ±3.5%"
2046,ssp126,Atlantic,-8.1,-0.51,-0.77,5.58,4.28,"Year: 2046
Mean change: -0.5%
SD: ±4.3%"
2046,ssp126,Indian,-9.04,-3.06,-3.32,4.25,3.9,"Year: 2046
Mean change: -3.1%
SD: ±3.9%"
2046,ssp126,Pacific,-13.64,-5.54,-5.66,6.42,6.14,"Year: 2046
Mean change: -5.5%
SD: ±6.1%"
2046,ssp585,Atlantic,-4.3,1.69,-0.63,9.49,4.89,"Year: 2046
Mean change: 1.7%
SD: ±4.9%"
2046,ssp585,Indian,-8.35,-2.43,-3.35,6.75,4.78,"Year: 2046
Mean change: -2.4%
SD: ±4.8%"
2046,ssp585,Pacific,-9.41,-4.49,-4.21,-0.11,2.55,"Year: 2046
Mean change: -4.5%
SD: ±2.5%"
2047,ssp126,Atlantic,-6.35,-2.1,-2.3,5.83,3.68,"Year: 2047
Mean change: -2.1%
SD: ±3.7%"
2047,ssp126,Indian,-7.55,-2.35,-3.2,4.19,3.91,"Year: 2047
Mean change: -2.4%
SD: ±3.9%"
2047,ssp126,Pacific,-14.48,-4.44,-4.34,5.76,5.67,"Year: 2047
Mean change: -4.4%
SD: ±5.7%"
2047,ssp585,Atlantic,-4.27,2.3,2.36,9.66,4.36,"Year: 2047
Mean change: 2.3%
SD: ±4.4%"
2047,ssp585,Indian,-8.93,-1.11,-2.92,10.84,6.52,"Year: 2047
Mean change: -1.1%
SD: ±6.5%"
2047,ssp585,Pacific,-10.29,-3.28,-4.27,5.17,4.67,"Year: 2047
Mean change: -3.3%
SD: ±4.7%"
2048,ssp126,Atlantic,-5.7,1.05,0.1,7.4,4.23,"Year: 2048
Mean change: 1%
SD: ±4.2%"
2048,ssp126,Indian,-6.93,-1.35,-2.23,5.59,3.66,"Year: 2048
Mean change: -1.4%
SD: ±3.7%"
2048,ssp126,Pacific,-15.05,-2.61,-1.85,4.58,6.01,"Year: 2048
Mean change: -2.6%
SD: ±6%"
2048,ssp585,Atlantic,-4.34,0.53,-0.25,6.43,3.25,"Year: 2048
Mean change: 0.5%
SD: ±3.2%"
2048,ssp585,Indian,-9.26,-2.48,-2.69,3.98,4.25,"Year: 2048
Mean change: -2.5%
SD: ±4.2%"
2048,ssp585,Pacific,-11.02,-2.95,-3.31,5.06,5.27,"Year: 2048
Mean change: -3%
SD: ±5.3%"
2049,ssp126,Atlantic,-5.92,-0.54,-0.98,8.74,4.06,"Year: 2049
Mean change: -0.5%
SD: ±4.1%"
2049,ssp126,Indian,-7.76,-2.87,-3.72,5.88,4.17,"Year: 2049
Mean change: -2.9%
SD: ±4.2%"
2049,ssp126,Pacific,-15.38,-3.98,-2.95,3.67,4.76,"Year: 2049
Mean change: -4%
SD: ±4.8%"
2049,ssp585,Atlantic,-6.53,-2.27,-2.28,5.46,3.41,"Year: 2049
Mean change: -2.3%
SD: ±3.4%"
2049,ssp585,Indian,-9.03,-3.17,-3.61,6.17,4.55,"Year: 2049
Mean change: -3.2%
SD: ±4.6%"
2049,ssp585,Pacific,-11.52,-2.82,-3.64,4.15,5.75,"Year: 2049
Mean change: -2.8%
SD: ±5.8%"
2050,ssp126,Atlantic,-6.66,-0.81,-0.88,6.29,4.17,"Year: 2050
Mean change: -0.8%
SD: ±4.2%"
2050,ssp126,Indian,-9.21,-2.55,-3.48,5.57,5.05,"Year: 2050
Mean change: -2.5%
SD: ±5%"
2050,ssp126,Pacific,-15.77,-4.91,-4.29,2.95,5.76,"Year: 2050
Mean change: -4.9%
SD: ±5.8%"
2050,ssp585,Atlantic,-4.92,-0.27,-0.93,4.84,2.85,"Year: 2050
Mean change: -0.3%
SD: ±2.9%"
2050,ssp585,Indian,-10.04,-3.5,-3.89,6.94,4.99,"Year: 2050
Mean change: -3.5%
SD: ±5%"
2050,ssp585,Pacific,-11.8,-4.17,-4,1.33,4.16,"Year: 2050
Mean change: -4.2%
SD: ±4.2%"
2051,ssp126,Atlantic,-7.69,-0.41,0.16,7.72,3.97,"Year: 2051
Mean change: -0.4%
SD: ±4%"
2051,ssp126,Indian,-8.71,-3.81,-3.97,3.42,4.14,"Year: 2051
Mean change: -3.8%
SD: ±4.1%"
2051,ssp126,Pacific,-16.2,-5.61,-3.56,-1.89,4.38,"Year: 2051
Mean change: -5.6%
SD: ±4.4%"
2051,ssp585,Atlantic,-5.65,1.52,0.22,12.13,5.3,"Year: 2051
Mean change: 1.5%
SD: ±5.3%"
2051,ssp585,Indian,-10.19,-2.73,-3.81,6.07,5.64,"Year: 2051
Mean change: -2.7%
SD: ±5.6%"
2051,ssp585,Pacific,-12.11,-4.45,-4.66,2.05,4.21,"Year: 2051
Mean change: -4.4%
SD: ±4.2%"
2052,ssp126,Atlantic,-8.72,0.23,-1.32,9.79,6.23,"Year: 2052
Mean change: 0.2%
SD: ±6.2%"
2052,ssp126,Indian,-8.96,-1.73,-1.61,4.62,4.2,"Year: 2052
Mean change: -1.7%
SD: ±4.2%"
2052,ssp126,Pacific,-16.66,-3.39,-2.3,6.36,6.63,"Year: 2052
Mean change: -3.4%
SD: ±6.6%"
2052,ssp585,Atlantic,-6.11,0.96,-0.44,6.91,4.19,"Year: 2052
Mean change: 1%
SD: ±4.2%"
2052,ssp585,Indian,-8.29,-3.9,-4.81,5.75,4.66,"Year: 2052
Mean change: -3.9%
SD: ±4.7%"
2052,ssp585,Pacific,-12.55,-3.01,-4,5.15,5.31,"Year: 2052
Mean change: -3%
SD: ±5.3%"
2053,ssp126,Atlantic,-9.67,-0.64,-0.71,7.1,5.27,"Year: 2053
Mean change: -0.6%
SD: ±5.3%"
2053,ssp126,Indian,-9,-1.16,-0.68,3.32,3.47,"Year: 2053
Mean change: -1.2%
SD: ±3.5%"
2053,ssp126,Pacific,-17.08,-3.45,-1.47,7.44,7.18,"Year: 2053
Mean change: -3.5%
SD: ±7.2%"
2053,ssp585,Atlantic,-6.45,-0.15,-0.63,7.29,3.61,"Year: 2053
Mean change: -0.1%
SD: ±3.6%"
2053,ssp585,Indian,-8.59,-3.25,-4.45,5.56,4.41,"Year: 2053
Mean change: -3.2%
SD: ±4.4%"
2053,ssp585,Pacific,-12.84,-3.03,-3.02,3.62,5.42,"Year: 2053
Mean change: -3%
SD: ±5.4%"
2054,ssp126,Atlantic,-10.44,-0.5,-1.28,5.46,4.82,"Year: 2054
Mean change: -0.5%
SD: ±4.8%"
2054,ssp126,Indian,-8.76,-2.97,-3.95,7.29,4.84,"Year: 2054
Mean change: -3%
SD: ±4.8%"
2054,ssp126,Pacific,-17.28,-4.19,-2.73,2.55,5.79,"Year: 2054
Mean change: -4.2%
SD: ±5.8%"
2054,ssp585,Atlantic,-7.09,-0.35,-0.75,9.34,4.53,"Year: 2054
Mean change: -0.3%
SD: ±4.5%"
2054,ssp585,Indian,-8.6,-3.08,-4.58,5.13,4.13,"Year: 2054
Mean change: -3.1%
SD: ±4.1%"
2054,ssp585,Pacific,-12.99,-4.83,-4.4,0.52,3.7,"Year: 2054
Mean change: -4.8%
SD: ±3.7%"
2055,ssp126,Atlantic,-11.15,-1.89,-1.45,6.12,5.65,"Year: 2055
Mean change: -1.9%
SD: ±5.7%"
2055,ssp126,Indian,-8.07,-0.77,-1.35,7.44,4.77,"Year: 2055
Mean change: -0.8%
SD: ±4.8%"
2055,ssp126,Pacific,-17.19,-4.19,-3.11,4.54,5.68,"Year: 2055
Mean change: -4.2%
SD: ±5.7%"
2055,ssp585,Atlantic,-7.84,0.03,-1.72,9.47,5.62,"Year: 2055
Mean change: 0%
SD: ±5.6%"
2055,ssp585,Indian,-8.57,-4.37,-5.14,4.92,4.07,"Year: 2055
Mean change: -4.4%
SD: ±4.1%"
2055,ssp585,Pacific,-13.16,-2.86,-3.3,7.88,5.81,"Year: 2055
Mean change: -2.9%
SD: ±5.8%"
2056,ssp126,Atlantic,-12.07,-1.42,-0.16,3.84,5.02,"Year: 2056
Mean change: -1.4%
SD: ±5%"
2056,ssp126,Indian,-7.93,-1.9,-3.36,4.49,4.33,"Year: 2056
Mean change: -1.9%
SD: ±4.3%"
2056,ssp126,Pacific,-16.99,-3.91,-3.47,2.86,5.46,"Year: 2056
Mean change: -3.9%
SD: ±5.5%"
2056,ssp585,Atlantic,-8.33,1.71,1.26,9.11,5.34,"Year: 2056
Mean change: 1.7%
SD: ±5.3%"
2056,ssp585,Indian,-8.53,-2.75,-4.18,7.56,5.4,"Year: 2056
Mean change: -2.8%
SD: ±5.4%"
2056,ssp585,Pacific,-13.28,-4.75,-4.57,3.53,4.39,"Year: 2056
Mean change: -4.8%
SD: ±4.4%"
2057,ssp126,Atlantic,-12.94,-1.68,-1.7,5.35,4.7,"Year: 2057
Mean change: -1.7%
SD: ±4.7%"
2057,ssp126,Indian,-9.59,-3.99,-3.84,3.07,3.85,"Year: 2057
Mean change: -4%
SD: ±3.9%"
2057,ssp126,Pacific,-17.11,-5.35,-4.65,0.75,4.84,"Year: 2057
Mean change: -5.3%
SD: ±4.8%"
2057,ssp585,Atlantic,-8.52,0.26,-0.33,7.82,4.67,"Year: 2057
Mean change: 0.3%
SD: ±4.7%"
2057,ssp585,Indian,-8.36,-3.25,-4.62,3.97,3.92,"Year: 2057
Mean change: -3.2%
SD: ±3.9%"
2057,ssp585,Pacific,-13.59,-5.11,-7.6,7.44,6.1,"Year: 2057
Mean change: -5.1%
SD: ±6.1%"
2058,ssp126,Atlantic,-13.37,-1.64,-1.7,7.14,5.62,"Year: 2058
Mean change: -1.6%
SD: ±5.6%"
2058,ssp126,Indian,-9.35,-2.64,-3.38,3.53,3.98,"Year: 2058
Mean change: -2.6%
SD: ±4%"
2058,ssp126,Pacific,-17.59,-5.73,-4.88,2.55,5.31,"Year: 2058
Mean change: -5.7%
SD: ±5.3%"
2058,ssp585,Atlantic,-8.21,0.69,0.47,7.15,4.45,"Year: 2058
Mean change: 0.7%
SD: ±4.4%"
2058,ssp585,Indian,-8.06,-2.28,-3.68,6.23,5.02,"Year: 2058
Mean change: -2.3%
SD: ±5%"
2058,ssp585,Pacific,-14.14,-4.35,-4.07,4.1,5.08,"Year: 2058
Mean change: -4.3%
SD: ±5.1%"
2059,ssp126,Atlantic,-13.52,-1.27,-1.58,7.22,6.35,"Year: 2059
Mean change: -1.3%
SD: ±6.3%"
2059,ssp126,Indian,-9.98,-1.09,-1.64,6.55,4.81,"Year: 2059
Mean change: -1.1%
SD: ±4.8%"
2059,ssp126,Pacific,-18.13,-5.6,-4.17,0.89,5.55,"Year: 2059
Mean change: -5.6%
SD: ±5.6%"
2059,ssp585,Atlantic,-7.8,-0.02,-0.92,10.43,5.09,"Year: 2059
Mean change: 0%
SD: ±5.1%"
2059,ssp585,Indian,-7.89,-2.82,-3.78,6.79,4.71,"Year: 2059
Mean change: -2.8%
SD: ±4.7%"
2059,ssp585,Pacific,-14.93,-5.55,-5.75,1.97,4.64,"Year: 2059
Mean change: -5.6%
SD: ±4.6%"
2060,ssp126,Atlantic,-13.46,-1.2,-0.87,4.86,4.88,"Year: 2060
Mean change: -1.2%
SD: ±4.9%"
2060,ssp126,Indian,-10.08,-2.87,-2.49,4,4.47,"Year: 2060
Mean change: -2.9%
SD: ±4.5%"
2060,ssp126,Pacific,-18.46,-4.97,-3.77,1.14,6.32,"Year: 2060
Mean change: -5%
SD: ±6.3%"
2060,ssp585,Atlantic,-7.69,1,0.02,12.28,5.44,"Year: 2060
Mean change: 1%
SD: ±5.4%"
2060,ssp585,Indian,-8.05,-2.55,-3.66,6.85,5.22,"Year: 2060
Mean change: -2.5%
SD: ±5.2%"
2060,ssp585,Pacific,-15.73,-4.81,-4.48,4.26,5.66,"Year: 2060
Mean change: -4.8%
SD: ±5.7%"
2061,ssp126,Atlantic,-13.41,-1.63,-1.86,4.01,4.75,"Year: 2061
Mean change: -1.6%
SD: ±4.8%"
2061,ssp126,Indian,-9.81,-3.54,-2.9,2.54,4.11,"Year: 2061
Mean change: -3.5%
SD: ±4.1%"
2061,ssp126,Pacific,-18.49,-3.78,-2.79,6.71,7.12,"Year: 2061
Mean change: -3.8%
SD: ±7.1%"
2061,ssp585,Atlantic,-7.78,-0.39,-1.36,10.7,5.01,"Year: 2061
Mean change: -0.4%
SD: ±5%"
2061,ssp585,Indian,-7.41,-3.09,-4.46,6.98,4.44,"Year: 2061
Mean change: -3.1%
SD: ±4.4%"
2061,ssp585,Pacific,-16.37,-5.39,-4.29,1.06,4.87,"Year: 2061
Mean change: -5.4%
SD: ±4.9%"
2062,ssp126,Atlantic,-13.48,1.26,1.85,11.41,6.65,"Year: 2062
Mean change: 1.3%
SD: ±6.7%"
2062,ssp126,Indian,-9.36,-1.3,-2.69,9.83,5.86,"Year: 2062
Mean change: -1.3%
SD: ±5.9%"
2062,ssp126,Pacific,-18.4,-4.07,-3.79,6.33,6.24,"Year: 2062
Mean change: -4.1%
SD: ±6.2%"
2062,ssp585,Atlantic,-7.97,-0.43,-1.65,9.64,5.21,"Year: 2062
Mean change: -0.4%
SD: ±5.2%"
2062,ssp585,Indian,-7.72,-3.1,-4.96,6.47,4.99,"Year: 2062
Mean change: -3.1%
SD: ±5%"
2062,ssp585,Pacific,-16.86,-3.19,-2.49,7.7,6.86,"Year: 2062
Mean change: -3.2%
SD: ±6.9%"
2063,ssp126,Atlantic,-13.39,-2.74,-1.64,5.65,4.85,"Year: 2063
Mean change: -2.7%
SD: ±4.8%"
2063,ssp126,Indian,-9.25,-3.83,-3.71,2.28,3.81,"Year: 2063
Mean change: -3.8%
SD: ±3.8%"
2063,ssp126,Pacific,-18.66,-4.88,-4.64,3.8,6.23,"Year: 2063
Mean change: -4.9%
SD: ±6.2%"
2063,ssp585,Atlantic,-8.42,-0.43,-0.25,10.87,5.22,"Year: 2063
Mean change: -0.4%
SD: ±5.2%"
2063,ssp585,Indian,-7.87,-3.08,-5.03,6.84,4.7,"Year: 2063
Mean change: -3.1%
SD: ±4.7%"
2063,ssp585,Pacific,-17.16,-4.26,-4.42,7.42,6.41,"Year: 2063
Mean change: -4.3%
SD: ±6.4%"
2064,ssp126,Atlantic,-13.2,-2.03,-1.5,7.85,5.32,"Year: 2064
Mean change: -2%
SD: ±5.3%"
2064,ssp126,Indian,-9.54,-2.64,-2.24,4.72,4.52,"Year: 2064
Mean change: -2.6%
SD: ±4.5%"
2064,ssp126,Pacific,-19.23,-7.57,-6.78,2.08,5.54,"Year: 2064
Mean change: -7.6%
SD: ±5.5%"
2064,ssp585,Atlantic,-9.2,-1.68,-2.78,11.97,5.81,"Year: 2064
Mean change: -1.7%
SD: ±5.8%"
2064,ssp585,Indian,-9.15,-4.09,-5.09,5.8,4.33,"Year: 2064
Mean change: -4.1%
SD: ±4.3%"
2064,ssp585,Pacific,-17.51,-5.27,-4.06,2.78,5.84,"Year: 2064
Mean change: -5.3%
SD: ±5.8%"
2065,ssp126,Atlantic,-12.89,-0.67,-1.08,5.73,5.26,"Year: 2065
Mean change: -0.7%
SD: ±5.3%"
2065,ssp126,Indian,-9.8,-2.31,-2,5.39,3.92,"Year: 2065
Mean change: -2.3%
SD: ±3.9%"
2065,ssp126,Pacific,-20.03,-6.44,-4.58,3.41,6.39,"Year: 2065
Mean change: -6.4%
SD: ±6.4%"
2065,ssp585,Atlantic,-10.09,-0.29,-0.47,8.8,5.83,"Year: 2065
Mean change: -0.3%
SD: ±5.8%"
2065,ssp585,Indian,-13.39,-3.91,-4.91,7.08,6.28,"Year: 2065
Mean change: -3.9%
SD: ±6.3%"
2065,ssp585,Pacific,-18.07,-4.92,-5.73,7.7,7.42,"Year: 2065
Mean change: -4.9%
SD: ±7.4%"
2066,ssp126,Atlantic,-12.22,-1.44,-1.15,4.38,4.53,"Year: 2066
Mean change: -1.4%
SD: ±4.5%"
2066,ssp126,Indian,-9.69,-2.19,-3.47,6.09,4.79,"Year: 2066
Mean change: -2.2%
SD: ±4.8%"
2066,ssp126,Pacific,-20.86,-6.01,-5.12,6.16,7.13,"Year: 2066
Mean change: -6%
SD: ±7.1%"
2066,ssp585,Atlantic,-10.63,2.48,4.27,11.41,6.81,"Year: 2066
Mean change: 2.5%
SD: ±6.8%"
2066,ssp585,Indian,-12.58,-3.23,-4.05,8.51,6.95,"Year: 2066
Mean change: -3.2%
SD: ±7%"
2066,ssp585,Pacific,-18.71,-4.25,-3.08,6.21,7.32,"Year: 2066
Mean change: -4.2%
SD: ±7.3%"
2067,ssp126,Atlantic,-11.85,-3.23,-3.35,4.73,4.73,"Year: 2067
Mean change: -3.2%
SD: ±4.7%"
2067,ssp126,Indian,-10.22,-3.63,-3.67,5.83,5.34,"Year: 2067
Mean change: -3.6%
SD: ±5.3%"
2067,ssp126,Pacific,-21.57,-6.57,-7.59,7.08,8.4,"Year: 2067
Mean change: -6.6%
SD: ±8.4%"
2067,ssp585,Atlantic,-10.43,-0.04,0.15,8.09,5.36,"Year: 2067
Mean change: 0%
SD: ±5.4%"
2067,ssp585,Indian,-11.88,-4.4,-5.05,5.79,5.72,"Year: 2067
Mean change: -4.4%
SD: ±5.7%"
2067,ssp585,Pacific,-19.44,-6.13,-6.05,7.4,7.16,"Year: 2067
Mean change: -6.1%
SD: ±7.2%"
2068,ssp126,Atlantic,-12.06,-1.81,-1.87,4.98,4.4,"Year: 2068
Mean change: -1.8%
SD: ±4.4%"
2068,ssp126,Indian,-9.83,-4.04,-3.46,3.01,3.61,"Year: 2068
Mean change: -4%
SD: ±3.6%"
2068,ssp126,Pacific,-22.03,-5.37,-3.11,1.89,7.44,"Year: 2068
Mean change: -5.4%
SD: ±7.4%"
2068,ssp585,Atlantic,-10.22,-1.16,-1.33,10.4,6.71,"Year: 2068
Mean change: -1.2%
SD: ±6.7%"
2068,ssp585,Indian,-11.22,-3.62,-4.25,6.68,5.85,"Year: 2068
Mean change: -3.6%
SD: ±5.8%"
2068,ssp585,Pacific,-20.29,-7.13,-7.04,3.64,6.73,"Year: 2068
Mean change: -7.1%
SD: ±6.7%"
2069,ssp126,Atlantic,-11.96,-1.63,-2.16,4.45,4.66,"Year: 2069
Mean change: -1.6%
SD: ±4.7%"
2069,ssp126,Indian,-9.21,-3.42,-3.71,1.72,3.37,"Year: 2069
Mean change: -3.4%
SD: ±3.4%"
2069,ssp126,Pacific,-22.26,-6.13,-4.31,4.26,6.89,"Year: 2069
Mean change: -6.1%
SD: ±6.9%"
2069,ssp585,Atlantic,-10.38,0.75,0.17,10.7,6.4,"Year: 2069
Mean change: 0.8%
SD: ±6.4%"
2069,ssp585,Indian,-10.47,-3.51,-5.11,5.22,5.58,"Year: 2069
Mean change: -3.5%
SD: ±5.6%"
2069,ssp585,Pacific,-21.14,-7.01,-6.03,3.29,6.52,"Year: 2069
Mean change: -7%
SD: ±6.5%"
2070,ssp126,Atlantic,-11.63,-1.15,-1.68,7.05,6.18,"Year: 2070
Mean change: -1.1%
SD: ±6.2%"
2070,ssp126,Indian,-7.85,-2.25,-3.34,3.08,3.42,"Year: 2070
Mean change: -2.2%
SD: ±3.4%"
2070,ssp126,Pacific,-22.29,-3.94,-4.72,6.07,7.93,"Year: 2070
Mean change: -3.9%
SD: ±7.9%"
2070,ssp585,Atlantic,-10.56,-1.06,-1.18,10.87,5.5,"Year: 2070
Mean change: -1.1%
SD: ±5.5%"
2070,ssp585,Indian,-10.61,-4.31,-5.92,5.22,5.15,"Year: 2070
Mean change: -4.3%
SD: ±5.2%"
2070,ssp585,Pacific,-21.83,-7.05,-6.94,2.14,6.66,"Year: 2070
Mean change: -7%
SD: ±6.7%"
2071,ssp126,Atlantic,-11.3,0.14,-0.08,6.23,5.13,"Year: 2071
Mean change: 0.1%
SD: ±5.1%"
2071,ssp126,Indian,-6.52,-1.4,-2.88,6.95,4.55,"Year: 2071
Mean change: -1.4%
SD: ±4.6%"
2071,ssp126,Pacific,-22.28,-5.99,-4.04,2.34,6.55,"Year: 2071
Mean change: -6%
SD: ±6.6%"
2071,ssp585,Atlantic,-10.62,-0.14,-0.47,12.7,6.13,"Year: 2071
Mean change: -0.1%
SD: ±6.1%"
2071,ssp585,Indian,-10.45,-4.69,-6.57,5.96,5.05,"Year: 2071
Mean change: -4.7%
SD: ±5%"
2071,ssp585,Pacific,-22.46,-5.66,-5.33,3.93,7.71,"Year: 2071
Mean change: -5.7%
SD: ±7.7%"
2072,ssp126,Atlantic,-10.79,-1.64,-1.52,2.89,3.75,"Year: 2072
Mean change: -1.6%
SD: ±3.8%"
2072,ssp126,Indian,-7.12,-2.87,-4.15,6.66,4,"Year: 2072
Mean change: -2.9%
SD: ±4%"
2072,ssp126,Pacific,-22.39,-7,-6.57,0.44,6.68,"Year: 2072
Mean change: -7%
SD: ±6.7%"
2072,ssp585,Atlantic,-10.25,0.58,0.46,12.44,6.17,"Year: 2072
Mean change: 0.6%
SD: ±6.2%"
2072,ssp585,Indian,-10.1,-3.82,-6.33,9.22,5.97,"Year: 2072
Mean change: -3.8%
SD: ±6%"
2072,ssp585,Pacific,-22.98,-5.8,-6.51,4.08,7.86,"Year: 2072
Mean change: -5.8%
SD: ±7.9%"
2073,ssp126,Atlantic,-10.41,-2.73,-2.42,3.45,3.44,"Year: 2073
Mean change: -2.7%
SD: ±3.4%"
2073,ssp126,Indian,-7.95,-2.81,-4.33,7.19,4.44,"Year: 2073
Mean change: -2.8%
SD: ±4.4%"
2073,ssp126,Pacific,-22.58,-6.19,-6.57,2.34,6.97,"Year: 2073
Mean change: -6.2%
SD: ±7%"
2073,ssp585,Atlantic,-9.95,1.16,0.3,12.94,6.5,"Year: 2073
Mean change: 1.2%
SD: ±6.5%"
2073,ssp585,Indian,-9.72,-2.96,-5.42,8.7,6.48,"Year: 2073
Mean change: -3%
SD: ±6.5%"
2073,ssp585,Pacific,-23.48,-5.81,-5.97,6.94,8.48,"Year: 2073
Mean change: -5.8%
SD: ±8.5%"
2074,ssp126,Atlantic,-10.09,0.81,1.13,9.84,5.35,"Year: 2074
Mean change: 0.8%
SD: ±5.3%"
2074,ssp126,Indian,-7.69,-2.14,-3.82,7.2,4.47,"Year: 2074
Mean change: -2.1%
SD: ±4.5%"
2074,ssp126,Pacific,-22.86,-6.98,-6.18,2,6.47,"Year: 2074
Mean change: -7%
SD: ±6.5%"
2074,ssp585,Atlantic,-10.01,2.15,1.71,13.53,7.2,"Year: 2074
Mean change: 2.1%
SD: ±7.2%"
2074,ssp585,Indian,-9.44,-2.97,-4.93,7.9,6.08,"Year: 2074
Mean change: -3%
SD: ±6.1%"
2074,ssp585,Pacific,-23.94,-2.87,-2.48,14.12,10.28,"Year: 2074
Mean change: -2.9%
SD: ±10.3%"
2075,ssp126,Atlantic,-9.81,-2.15,-1.71,3.04,3.31,"Year: 2075
Mean change: -2.1%
SD: ±3.3%"
2075,ssp126,Indian,-5.3,-2.38,-3.94,7.7,3.95,"Year: 2075
Mean change: -2.4%
SD: ±4%"
2075,ssp126,Pacific,-23.14,-5.85,-5.46,1.95,7.34,"Year: 2075
Mean change: -5.8%
SD: ±7.3%"
2075,ssp585,Atlantic,-10.57,-0.83,-0.79,13.16,6.05,"Year: 2075
Mean change: -0.8%
SD: ±6%"
2075,ssp585,Indian,-11.05,-4.5,-6.44,7.25,6.24,"Year: 2075
Mean change: -4.5%
SD: ±6.2%"
2075,ssp585,Pacific,-24.28,-4.34,-4.24,5.37,8.82,"Year: 2075
Mean change: -4.3%
SD: ±8.8%"
2076,ssp126,Atlantic,-9.42,-1.41,-1.16,2.64,3.42,"Year: 2076
Mean change: -1.4%
SD: ±3.4%"
2076,ssp126,Indian,-5.4,-1.75,-3.58,7.93,3.97,"Year: 2076
Mean change: -1.8%
SD: ±4%"
2076,ssp126,Pacific,-23.19,-6.48,-5.58,1.36,6.72,"Year: 2076
Mean change: -6.5%
SD: ±6.7%"
2076,ssp585,Atlantic,-11.37,-0.03,-0.93,12.27,7.76,"Year: 2076
Mean change: 0%
SD: ±7.8%"
2076,ssp585,Indian,-13.49,-3.72,-4.84,10.16,7.2,"Year: 2076
Mean change: -3.7%
SD: ±7.2%"
2076,ssp585,Pacific,-24.39,-6.3,-7.51,7.04,8.31,"Year: 2076
Mean change: -6.3%
SD: ±8.3%"
2077,ssp126,Atlantic,-9.3,-2.12,-2.57,3.12,3.57,"Year: 2077
Mean change: -2.1%
SD: ±3.6%"
2077,ssp126,Indian,-8.24,-3.65,-4.6,8.18,4.48,"Year: 2077
Mean change: -3.6%
SD: ±4.5%"
2077,ssp126,Pacific,-23.1,-4.45,-4.17,5.27,7.85,"Year: 2077
Mean change: -4.4%
SD: ±7.8%"
2077,ssp585,Atlantic,-12.33,-1.37,-1.71,12.47,7.63,"Year: 2077
Mean change: -1.4%
SD: ±7.6%"
2077,ssp585,Indian,-10.99,-3.7,-5.34,7.07,5.85,"Year: 2077
Mean change: -3.7%
SD: ±5.8%"
2077,ssp585,Pacific,-24.56,-6.37,-5.1,2.13,7.77,"Year: 2077
Mean change: -6.4%
SD: ±7.8%"
2078,ssp126,Atlantic,-9.6,-3.93,-3.42,2.76,4.17,"Year: 2078
Mean change: -3.9%
SD: ±4.2%"
2078,ssp126,Indian,-6.31,-3.15,-4.26,7.84,4.11,"Year: 2078
Mean change: -3.1%
SD: ±4.1%"
2078,ssp126,Pacific,-22.86,-6.63,-6.39,3.31,6.65,"Year: 2078
Mean change: -6.6%
SD: ±6.7%"
2078,ssp585,Atlantic,-13.22,-0.96,-0.98,12.79,6.87,"Year: 2078
Mean change: -1%
SD: ±6.9%"
2078,ssp585,Indian,-12.52,-5.1,-6.4,4.83,5.59,"Year: 2078
Mean change: -5.1%
SD: ±5.6%"
2078,ssp585,Pacific,-24.83,-5.75,-5.85,6.81,8.51,"Year: 2078
Mean change: -5.8%
SD: ±8.5%"
2079,ssp126,Atlantic,-9.63,-3.08,-2.75,1.36,3.02,"Year: 2079
Mean change: -3.1%
SD: ±3%"
2079,ssp126,Indian,-8.36,-3.34,-4.02,7.35,4.25,"Year: 2079
Mean change: -3.3%
SD: ±4.2%"
2079,ssp126,Pacific,-22.35,-5.25,-4.34,2.39,7.09,"Year: 2079
Mean change: -5.2%
SD: ±7.1%"
2079,ssp585,Atlantic,-13.91,-0.65,0.02,13.18,6.99,"Year: 2079
Mean change: -0.7%
SD: ±7%"
2079,ssp585,Indian,-10.98,-4.91,-6.57,4.31,5.68,"Year: 2079
Mean change: -4.9%
SD: ±5.7%"
2079,ssp585,Pacific,-24.96,-5.88,-5.83,5.7,8.69,"Year: 2079
Mean change: -5.9%
SD: ±8.7%"
2080,ssp126,Atlantic,-9.63,-1.96,-2.37,5.23,4.05,"Year: 2080
Mean change: -2%
SD: ±4%"
2080,ssp126,Indian,-6.56,-2.5,-2.56,4.96,3.06,"Year: 2080
Mean change: -2.5%
SD: ±3.1%"
2080,ssp126,Pacific,-21.85,-6.16,-4.5,-1.05,5.98,"Year: 2080
Mean change: -6.2%
SD: ±6%"
2080,ssp585,Atlantic,-14.36,-1.57,-2.07,13.08,7.58,"Year: 2080
Mean change: -1.6%
SD: ±7.6%"
2080,ssp585,Indian,-11.39,-4.39,-6.96,7.24,6.16,"Year: 2080
Mean change: -4.4%
SD: ±6.2%"
2080,ssp585,Pacific,-24.91,-6.05,-5.22,1.88,8.5,"Year: 2080
Mean change: -6%
SD: ±8.5%"
2081,ssp126,Atlantic,-10.41,-2.47,-2.81,5.91,4.8,"Year: 2081
Mean change: -2.5%
SD: ±4.8%"
2081,ssp126,Indian,-8.64,-3.53,-4.14,4.21,3.81,"Year: 2081
Mean change: -3.5%
SD: ±3.8%"
2081,ssp126,Pacific,-21.61,-6.54,-6.07,3.29,6.82,"Year: 2081
Mean change: -6.5%
SD: ±6.8%"
2081,ssp585,Atlantic,-14.44,0.27,0.15,12.71,7.96,"Year: 2081
Mean change: 0.3%
SD: ±8%"
2081,ssp585,Indian,-11.63,-3.65,-5.88,10.41,6.87,"Year: 2081
Mean change: -3.6%
SD: ±6.9%"
2081,ssp585,Pacific,-24.99,-6.04,-6.28,9.43,9.27,"Year: 2081
Mean change: -6%
SD: ±9.3%"
2082,ssp126,Atlantic,-12.24,-3.71,-2.96,7.76,6.44,"Year: 2082
Mean change: -3.7%
SD: ±6.4%"
2082,ssp126,Indian,-12.92,-5.23,-4.55,5.22,5.15,"Year: 2082
Mean change: -5.2%
SD: ±5.2%"
2082,ssp126,Pacific,-21.55,-7.08,-7.53,2.98,6.39,"Year: 2082
Mean change: -7.1%
SD: ±6.4%"
2082,ssp585,Atlantic,-14.51,-1.17,-1.21,10.19,7.48,"Year: 2082
Mean change: -1.2%
SD: ±7.5%"
2082,ssp585,Indian,-11.62,-4.19,-7.26,9.54,7.08,"Year: 2082
Mean change: -4.2%
SD: ±7.1%"
2082,ssp585,Pacific,-25.21,-6.44,-6.41,9.52,9.09,"Year: 2082
Mean change: -6.4%
SD: ±9.1%"
2083,ssp126,Atlantic,-13.3,-2.41,-2.56,8.55,5.66,"Year: 2083
Mean change: -2.4%
SD: ±5.7%"
2083,ssp126,Indian,-13.61,-6.5,-5.9,1.86,4.73,"Year: 2083
Mean change: -6.5%
SD: ±4.7%"
2083,ssp126,Pacific,-21.81,-8.4,-7.85,0.81,6.26,"Year: 2083
Mean change: -8.4%
SD: ±6.3%"
2083,ssp585,Atlantic,-14.87,-2.66,-1.9,8.07,6.67,"Year: 2083
Mean change: -2.7%
SD: ±6.7%"
2083,ssp585,Indian,-11.01,-4.06,-6.33,6.98,6.27,"Year: 2083
Mean change: -4.1%
SD: ±6.3%"
2083,ssp585,Pacific,-25.48,-6.18,-6.99,5.45,8.52,"Year: 2083
Mean change: -6.2%
SD: ±8.5%"
2084,ssp126,Atlantic,-14.6,0.17,-2.23,11.79,7.66,"Year: 2084
Mean change: 0.2%
SD: ±7.7%"
2084,ssp126,Indian,-11.21,-4.23,-4.59,3.11,4.26,"Year: 2084
Mean change: -4.2%
SD: ±4.3%"
2084,ssp126,Pacific,-22.4,-8.28,-6.84,-1.32,6.05,"Year: 2084
Mean change: -8.3%
SD: ±6%"
2084,ssp585,Atlantic,-15.73,-1.49,-0.14,8.33,8.13,"Year: 2084
Mean change: -1.5%
SD: ±8.1%"
2084,ssp585,Indian,-13.54,-5.04,-7.49,6.68,6.82,"Year: 2084
Mean change: -5%
SD: ±6.8%"
2084,ssp585,Pacific,-25.87,-6.91,-6.79,8.04,8.94,"Year: 2084
Mean change: -6.9%
SD: ±8.9%"
2085,ssp126,Atlantic,-15.41,-2.24,-1.69,8.56,5.93,"Year: 2085
Mean change: -2.2%
SD: ±5.9%"
2085,ssp126,Indian,-9.34,-2.6,-2.05,2.63,3.68,"Year: 2085
Mean change: -2.6%
SD: ±3.7%"
2085,ssp126,Pacific,-23.09,-9.08,-7.4,-3.06,6.32,"Year: 2085
Mean change: -9.1%
SD: ±6.3%"
2085,ssp585,Atlantic,-17.05,-2.41,-1.9,8.71,7.3,"Year: 2085
Mean change: -2.4%
SD: ±7.3%"
2085,ssp585,Indian,-17.39,-6.23,-7.47,5.48,7.09,"Year: 2085
Mean change: -6.2%
SD: ±7.1%"
2085,ssp585,Pacific,-26.36,-7,-5.53,4.86,8.69,"Year: 2085
Mean change: -7%
SD: ±8.7%"
2086,ssp126,Atlantic,-15.91,-2.96,-2.2,6.42,5.65,"Year: 2086
Mean change: -3%
SD: ±5.7%"
2086,ssp126,Indian,-10.15,-3.94,-4.62,4.93,3.94,"Year: 2086
Mean change: -3.9%
SD: ±3.9%"
2086,ssp126,Pacific,-23.5,-6,-5.45,5.03,8.98,"Year: 2086
Mean change: -6%
SD: ±9%"
2086,ssp585,Atlantic,-18.2,-2.02,-1.56,9.86,7.41,"Year: 2086
Mean change: -2%
SD: ±7.4%"
2086,ssp585,Indian,-13.27,-5.9,-8.57,6.85,6.8,"Year: 2086
Mean change: -5.9%
SD: ±6.8%"
2086,ssp585,Pacific,-26.79,-5.66,-5.06,8.37,9.94,"Year: 2086
Mean change: -5.7%
SD: ±9.9%"
2087,ssp126,Atlantic,-16.32,-1.9,-1.7,5.38,5.91,"Year: 2087
Mean change: -1.9%
SD: ±5.9%"
2087,ssp126,Indian,-10.45,-3.43,-3.68,5.12,4.21,"Year: 2087
Mean change: -3.4%
SD: ±4.2%"
2087,ssp126,Pacific,-23.66,-7.25,-5.2,0.38,7.07,"Year: 2087
Mean change: -7.2%
SD: ±7.1%"
2087,ssp585,Atlantic,-18.73,-1.86,-2.37,10.94,8.01,"Year: 2087
Mean change: -1.9%
SD: ±8%"
2087,ssp585,Indian,-13.62,-6.23,-7.47,5.84,6.09,"Year: 2087
Mean change: -6.2%
SD: ±6.1%"
2087,ssp585,Pacific,-27.12,-6.23,-7.3,11.69,10.27,"Year: 2087
Mean change: -6.2%
SD: ±10.3%"
2088,ssp126,Atlantic,-16.93,-3.8,-2.56,5.63,5.88,"Year: 2088
Mean change: -3.8%
SD: ±5.9%"
2088,ssp126,Indian,-10.43,-3.68,-4.45,4.58,4.15,"Year: 2088
Mean change: -3.7%
SD: ±4.2%"
2088,ssp126,Pacific,-23.96,-7.43,-7.07,1.33,6.97,"Year: 2088
Mean change: -7.4%
SD: ±7%"
2088,ssp585,Atlantic,-18.85,-1.8,-1.31,12.23,9,"Year: 2088
Mean change: -1.8%
SD: ±9%"
2088,ssp585,Indian,-16.69,-7.27,-8.52,5.03,6.75,"Year: 2088
Mean change: -7.3%
SD: ±6.8%"
2088,ssp585,Pacific,-27.37,-5.42,-3.71,9.43,10.64,"Year: 2088
Mean change: -5.4%
SD: ±10.6%"
2089,ssp126,Atlantic,-17.73,-4.58,-3.14,5.06,6.06,"Year: 2089
Mean change: -4.6%
SD: ±6.1%"
2089,ssp126,Indian,-10.4,-4.38,-4.34,4.09,3.84,"Year: 2089
Mean change: -4.4%
SD: ±3.8%"
2089,ssp126,Pacific,-24.53,-9.08,-8.89,0.01,7.1,"Year: 2089
Mean change: -9.1%
SD: ±7.1%"
2089,ssp585,Atlantic,-18.79,-3.18,-2.66,13.56,8.32,"Year: 2089
Mean change: -3.2%
SD: ±8.3%"
2089,ssp585,Indian,-16.98,-8.07,-9.41,5.34,6.85,"Year: 2089
Mean change: -8.1%
SD: ±6.8%"
2089,ssp585,Pacific,-27.53,-6.16,-6.51,7.98,10.7,"Year: 2089
Mean change: -6.2%
SD: ±10.7%"
2090,ssp126,Atlantic,-18.41,-5.02,-4.33,2.55,5.96,"Year: 2090
Mean change: -5%
SD: ±6%"
2090,ssp126,Indian,-10.55,-3.86,-4.19,5.15,3.85,"Year: 2090
Mean change: -3.9%
SD: ±3.9%"
2090,ssp126,Pacific,-25.37,-8.67,-9.36,0.96,7.2,"Year: 2090
Mean change: -8.7%
SD: ±7.2%"
2090,ssp585,Atlantic,-18.67,-2.25,-2.75,14.18,8.78,"Year: 2090
Mean change: -2.2%
SD: ±8.8%"
2090,ssp585,Indian,-16.32,-7.05,-8.46,4.82,7.31,"Year: 2090
Mean change: -7%
SD: ±7.3%"
2090,ssp585,Pacific,-27.65,-6.79,-5.43,9.3,10.38,"Year: 2090
Mean change: -6.8%
SD: ±10.4%"
2091,ssp126,Atlantic,-19.12,-3.05,-1.88,5.42,6.82,"Year: 2091
Mean change: -3%
SD: ±6.8%"
2091,ssp126,Indian,-10.66,-3.09,-3.3,5.88,4.95,"Year: 2091
Mean change: -3.1%
SD: ±5%"
2091,ssp126,Pacific,-26.23,-8.16,-6.41,1.46,7.92,"Year: 2091
Mean change: -8.2%
SD: ±7.9%"
2091,ssp585,Atlantic,-18.77,-2.61,-2.78,15.73,9.67,"Year: 2091
Mean change: -2.6%
SD: ±9.7%"
2091,ssp585,Indian,-16.76,-7.05,-8.31,5.87,7.63,"Year: 2091
Mean change: -7%
SD: ±7.6%"
2091,ssp585,Pacific,-27.73,-5.02,-2.01,11.53,11.06,"Year: 2091
Mean change: -5%
SD: ±11.1%"
2092,ssp126,Atlantic,-19.62,-3.45,-2.13,1.58,6.09,"Year: 2092
Mean change: -3.5%
SD: ±6.1%"
2092,ssp126,Indian,-10.76,-4.31,-4.08,3.73,3.89,"Year: 2092
Mean change: -4.3%
SD: ±3.9%"
2092,ssp126,Pacific,-26.97,-9.19,-5.73,-1.2,8.01,"Year: 2092
Mean change: -9.2%
SD: ±8%"
2092,ssp585,Atlantic,-19.21,-2.17,-2.12,16.36,9.73,"Year: 2092
Mean change: -2.2%
SD: ±9.7%"
2092,ssp585,Indian,-17.95,-7.61,-9.11,5.86,7.92,"Year: 2092
Mean change: -7.6%
SD: ±7.9%"
2092,ssp585,Pacific,-27.9,-6.21,-7.53,13.93,11.53,"Year: 2092
Mean change: -6.2%
SD: ±11.5%"
2093,ssp126,Atlantic,-19.52,-1.21,-0.66,7.44,7.32,"Year: 2093
Mean change: -1.2%
SD: ±7.3%"
2093,ssp126,Indian,-10.85,-3.43,-3.04,2.68,3.45,"Year: 2093
Mean change: -3.4%
SD: ±3.5%"
2093,ssp126,Pacific,-27.6,-7.91,-5.21,2.36,9.06,"Year: 2093
Mean change: -7.9%
SD: ±9.1%"
2093,ssp585,Atlantic,-19.7,-1.6,-1.23,15.83,9.46,"Year: 2093
Mean change: -1.6%
SD: ±9.5%"
2093,ssp585,Indian,-15.85,-6.3,-8.46,9.33,8.54,"Year: 2093
Mean change: -6.3%
SD: ±8.5%"
2093,ssp585,Pacific,-28.07,-5.23,-2.96,12.23,11.25,"Year: 2093
Mean change: -5.2%
SD: ±11.2%"
2094,ssp126,Atlantic,-19.1,-3.28,-2.85,2.92,6.8,"Year: 2094
Mean change: -3.3%
SD: ±6.8%"
2094,ssp126,Indian,-10.82,-4.46,-4.56,2.9,3.97,"Year: 2094
Mean change: -4.5%
SD: ±4%"
2094,ssp126,Pacific,-28.09,-8.11,-5.73,2.75,8.62,"Year: 2094
Mean change: -8.1%
SD: ±8.6%"
2094,ssp585,Atlantic,-20.04,-1.56,-0.65,13.98,9.17,"Year: 2094
Mean change: -1.6%
SD: ±9.2%"
2094,ssp585,Indian,-18.09,-6.69,-7.72,10.02,9.3,"Year: 2094
Mean change: -6.7%
SD: ±9.3%"
2094,ssp585,Pacific,-28.08,-6.1,-3.85,8.14,10.59,"Year: 2094
Mean change: -6.1%
SD: ±10.6%"
2095,ssp126,Atlantic,-18.88,-1.48,-2.41,7.7,7.7,"Year: 2095
Mean change: -1.5%
SD: ±7.7%"
2095,ssp126,Indian,-10.83,-3.32,-3.11,1.69,4.05,"Year: 2095
Mean change: -3.3%
SD: ±4%"
2095,ssp126,Pacific,-28.49,-9.93,-8.84,-0.62,7.42,"Year: 2095
Mean change: -9.9%
SD: ±7.4%"
2095,ssp585,Atlantic,-20.33,-3.11,-2.94,12.59,9.09,"Year: 2095
Mean change: -3.1%
SD: ±9.1%"
2095,ssp585,Indian,-16.71,-7.17,-9.54,7.04,8.18,"Year: 2095
Mean change: -7.2%
SD: ±8.2%"
2095,ssp585,Pacific,-28.1,-6.86,-5.7,6.39,9.87,"Year: 2095
Mean change: -6.9%
SD: ±9.9%"
2096,ssp126,Atlantic,-18.78,-3.43,-2.61,6.09,6.78,"Year: 2096
Mean change: -3.4%
SD: ±6.8%"
2096,ssp126,Indian,-12.47,-5.03,-4.34,2.64,5.3,"Year: 2096
Mean change: -5%
SD: ±5.3%"
2096,ssp126,Pacific,-28.67,-6.52,-4.93,5.49,10.05,"Year: 2096
Mean change: -6.5%
SD: ±10.1%"
2096,ssp585,Atlantic,-20.82,-3.94,-3,12.71,9.04,"Year: 2096
Mean change: -3.9%
SD: ±9%"
2096,ssp585,Indian,-19.63,-8.15,-9.61,8.42,8.86,"Year: 2096
Mean change: -8.2%
SD: ±8.9%"
2096,ssp585,Pacific,-28.3,-7.27,-6.26,3.94,9.6,"Year: 2096
Mean change: -7.3%
SD: ±9.6%"
2097,ssp126,Atlantic,-18.69,-5.39,-5.02,6.45,6.18,"Year: 2097
Mean change: -5.4%
SD: ±6.2%"
2097,ssp126,Indian,-13.21,-6.75,-5.98,1.88,4.34,"Year: 2097
Mean change: -6.8%
SD: ±4.3%"
2097,ssp126,Pacific,-28.7,-10.51,-10.45,2.53,8.24,"Year: 2097
Mean change: -10.5%
SD: ±8.2%"
2097,ssp585,Atlantic,-21.33,-1.3,-1.27,12.64,11,"Year: 2097
Mean change: -1.3%
SD: ±11%"
2097,ssp585,Indian,-19.92,-8.04,-8.24,9.91,9.19,"Year: 2097
Mean change: -8%
SD: ±9.2%"
2097,ssp585,Pacific,-28.68,-9.17,-7.29,0.56,8.81,"Year: 2097
Mean change: -9.2%
SD: ±8.8%"
2098,ssp126,Atlantic,-18.81,-5.06,-3.84,5.34,6.04,"Year: 2098
Mean change: -5.1%
SD: ±6%"
2098,ssp126,Indian,-13.07,-6.4,-5.86,2.98,4.96,"Year: 2098
Mean change: -6.4%
SD: ±5%"
2098,ssp126,Pacific,-28.56,-8.33,-8.24,1.69,8.88,"Year: 2098
Mean change: -8.3%
SD: ±8.9%"
2098,ssp585,Atlantic,-21.77,-2.52,-2.82,13.34,10.71,"Year: 2098
Mean change: -2.5%
SD: ±10.7%"
2098,ssp585,Indian,-22.12,-8.59,-9.01,11.01,9.74,"Year: 2098
Mean change: -8.6%
SD: ±9.7%"
2098,ssp585,Pacific,-29.18,-7.84,-6.34,9.85,10.64,"Year: 2098
Mean change: -7.8%
SD: ±10.6%"
2099,ssp126,Atlantic,-18.97,-1.57,-2.18,9.28,7.5,"Year: 2099
Mean change: -1.6%
SD: ±7.5%"
2099,ssp126,Indian,-11.71,-5.52,-4.94,0.58,3.78,"Year: 2099
Mean change: -5.5%
SD: ±3.8%"
2099,ssp126,Pacific,-28.3,-7.8,-5.3,1.66,8.42,"Year: 2099
Mean change: -7.8%
SD: ±8.4%"
2099,ssp585,Atlantic,-22.09,-3.82,-2.79,15.8,10.04,"Year: 2099
Mean change: -3.8%
SD: ±10%"
2099,ssp585,Indian,-22.88,-9.93,-10.05,6.08,8.76,"Year: 2099
Mean change: -9.9%
SD: ±8.8%"
2099,ssp585,Pacific,-29.7,-8.12,-7.22,8.48,10.81,"Year: 2099
Mean change: -8.1%
SD: ±10.8%"
2100,ssp126,Atlantic,-18.98,-4.05,-4.25,8.29,7.33,"Year: 2100
Mean change: -4%
SD: ±7.3%"
2100,ssp126,Indian,-11.54,-5.49,-5.07,-0.04,3.07,"Year: 2100
Mean change: -5.5%
SD: ±3.1%"
2100,ssp126,Pacific,-27.98,-7.18,-6.26,4.42,8.72,"Year: 2100
Mean change: -7.2%
SD: ±8.7%"
2100,ssp585,Atlantic,-22.29,-3.09,-3.26,18.39,10.32,"Year: 2100
Mean change: -3.1%
SD: ±10.3%"
2100,ssp585,Indian,-19.19,-9.51,-12.96,8.12,9.24,"Year: 2100
Mean change: -9.5%
SD: ±9.2%"
2100,ssp585,Pacific,-30.27,-7.67,-5.75,14.34,11.7,"Year: 2100
Mean change: -7.7%
SD: ±11.7%"
